x_easting_m,y_northing_m,z_elevation_m
566690.5020335459,4190612.630951189,126.0
566690.4132028978,4190612.598484057,125.99492900608519
566690.3244238114,4190612.5596682075,125.98985801217039
566690.2355759745,4190612.5293173147,125.98478701825557
566690.1467796991,4190612.492617707,125.97971602434077
566690.0578974861,4190612.466499294,125.97464503042596
566689.9691527714,4190612.423450973,125.96957403651116
566689.8802877445,4190612.3952163225,125.96450304259635
566689.791543028,4190612.3521680026,125.95943204868153
566689.7026779975,4190612.323933355,125.95436105476674
566689.6139504666,4190612.2787687997,125.94929006085192
566689.5249823136,4190612.2632315867,125.94421906693712
566689.436237594,4190612.2201832687,125.93914807302231
566689.3474756862,4190612.1792511926,125.93407707910751
566689.2587309647,4190612.136202879,125.9290060851927
566689.1699003067,4190612.10373576,125.9239350912779
566689.0809837123,4190612.081849835,125.91886409736308
566688.9922561756,4190612.036685285,125.91379310344827
566688.9033567671,4190612.0126831243,125.90872210953347
566688.8146979768,4190611.9590536193,125.90365111561866
566688.7258329411,4190611.9308189834,125.89858012170386
566688.6370366528,4190611.894119392,125.89350912778905
566688.5483091117,4190611.848954846,125.88843813387425
566688.459444074,4190611.820720214,125.88336713995943
566688.3706649703,4190611.781904385,125.87829614604462
566688.2817999289,4190611.753669755,125.87322515212982
566688.1930380105,4190611.7127376897,125.868154158215
566688.1043276519,4190611.6654569106,125.8630831643002
566688.0154626108,4190611.63722228,125.8580121703854
566687.9267178766,4190611.594173982,125.8529411764706
566687.8378528341,4190611.5659393547,125.84787018255578
566687.7490393512,4190611.531356011,125.84279918864097
566687.6601743075,4190611.503121387,125.83772819472617
566687.5714467568,4190611.457956851,125.83265720081135
566687.4827192053,4190611.4127923185,125.82758620689656
566687.3938713438,4190611.3824414574,125.82251521298174
566687.3051437906,4190611.3372769263,125.81744421906694
566687.216330303,4190611.302693588,125.81237322515213
566687.1275168149,4190611.2681102534,125.80730223123732
566687.0387205125,4190611.231410679,125.80223123732252
566686.9498726497,4190611.2010598234,125.7971602434077
566686.8610591594,4190611.1664764895,125.7920892494929
566686.7722800414,4190611.1276606806,125.78701825557809
566686.683586855,4190611.0782636777,125.78194726166329
566686.5947046163,4190611.052145303,125.77687626774848
566686.5058567477,4190611.0217944523,125.77180527383368
566686.4171979316,4190610.9681649758,125.76673427991886
566686.3283500636,4190610.9378141253,125.76166328600405
566686.2395709407,4190610.8989983215,125.75659229208925
566686.150791817,4190610.8601825195,125.75152129817444
566686.0620126924,4190610.8213667176,125.74645030425964
566685.9733194986,4190610.771969722,125.74137931034483
566685.8843685093,4190610.754316311,125.73630831643003
566685.7956581274,4190610.707035557,125.73123732251521
566685.7068618133,4190610.670335997,125.7261663286004
566685.618031126,4190610.6378689166,125.7210953346856
566685.5293207413,4190610.590588166,125.71602434077079
566685.4405072387,4190610.5560048483,125.71095334685599
566685.3517452937,4190610.5150728156,125.70588235294117
566685.2629146033,4190610.48260574,125.70081135902637
566685.1741182846,4190610.4459061855,125.69574036511156
566685.0853219627,4190610.409206634,125.69066937119675
566684.9965428284,4190610.3703908445,125.68559837728195
566684.9077808793,4190610.329458816,125.68052738336714
566684.8189673712,4190610.2948755054,125.67545638945234
566684.7301538626,4190610.2602921952,125.67038539553752
566684.6414434689,4190610.2130114553,125.66531440162272
566684.5525268429,4190610.1911255806,125.66024340770791
566684.4638336333,4190610.1417286014,125.65517241379311
566684.3750201216,4190610.107145296,125.6501014198783
566684.2862409807,4190610.0683295135,125.64503042596348
566684.1975133944,4190610.0231650174,125.63995943204868
566684.1087342518,4190609.9843492354,125.63488843813387
566684.0198863653,4190609.953998412,125.62981744421907
566683.9310900355,4190609.917298872,125.62474645030426
566683.8423796336,4190609.870018139,125.61967545638946
566683.7534973733,4190609.8438997953,125.61460446247465
566683.6647525983,4190609.800851543,125.60953346855983
566683.5759390795,4190609.7662682463,125.60446247464503
566683.4871083745,4190609.733801189,125.59939148073022
566683.3984838963,4190609.675939267,125.59432048681542
566683.3095844449,4190609.6519371667,125.5892494929006
566683.2208396654,4190609.6088889195,125.5841784989858
566683.1319917716,4190609.5785381054,125.579107505071
566683.0432641761,4190609.53337362,125.57403651115618
566682.9545022085,4190609.492441614,125.56896551724138
566682.8656199416,4190609.46632328,125.56389452332657
566682.7768923434,4190609.4211587976,125.55882352941177
566682.6880960024,4190609.3844592716,125.55375253549695
566682.5992824753,4190609.3498759847,125.54868154158216
566682.5105892452,4190609.3004790284,125.54361054766734
566682.421706975,4190609.274360698,125.53853955375254
566682.3329965577,4190609.2270799833,125.53346855983773
566682.244114286,4190609.2009616555,125.52839756592292
566682.1554382376,4190609.1494484646,125.52332657200812
566682.0665559645,4190609.1233301386,125.5182555780933
566681.9778455436,4190609.076049428,125.5131845841785
566681.8889976376,4190609.0456986264,125.50811359026369
566681.8001497331,4190609.0153478263,125.50304259634889
566681.7114221243,4190608.970183356,125.49797160243408
566681.6226085888,4190608.93560008,125.49290060851926
566681.5338294228,4190608.8967843284,125.48782961460446
566681.4450158856,4190608.862201055,125.48275862068965
566681.356236718,4190608.8233853043,125.47768762677485
566681.2674747347,4190608.7824533167,125.47261663286004
566681.1786611953,4190608.7478700466,125.46754563894524
566681.0898992103,4190608.7069380605,125.46247464503043
566681.0011372222,4190608.6660060757,125.45740365111561
566680.9122549404,4190608.639887763,125.45233265720081
566680.8235788778,4190608.588374586,125.447261663286
566680.7346794098,4190608.5643725134,125.4421906693712
566680.6458830507,4190608.5276730102,125.43711967545639
566680.5571726155,4190608.480392313,125.43204868154159
566680.4682731456,4190608.456390244,125.42697768762677
566680.3795455237,4190608.4112257888,125.42190669371196
566680.290697607,4190608.380875006,125.41683569979716
566680.2019871682,4190608.3335943124,125.41176470588235
566680.1132079869,4190608.294778577,125.40669371196755
566680.0243256986,4190608.268660273,125.40162271805274
566679.9355293334,4190608.231960778,125.39655172413794
566679.8468532604,4190608.1804476115,125.39148073022312
566679.7580053393,4190608.1500968337,125.38640973630832
566679.6691746024,4190608.1176298186,125.38133874239351
566679.5803266801,4190608.0872790427,125.3762677484787
566679.4916162341,4190608.0399983595,125.3711967545639
566679.4028370486,4190608.0011826297,125.36612576064908
566679.3140063087,4190607.968715619,125.36105476673428
566679.2251927527,4190607.9341323697,125.35598377281947
566679.1363620113,4190607.9016653597,125.35091277890467
566679.0476000073,4190607.860733396,125.34584178498986
566678.9588036335,4190607.8240339104,125.34077079107504
566678.8699213365,4190607.7979156207,125.33569979716025
566678.7811765146,4190607.754867422,125.33062880324543
566678.6924316895,4190607.711819222,125.32555780933063
566678.6035837594,4190607.6814684584,125.32048681541582
566678.514804566,4190607.642652739,125.31541582150102
566678.4260425563,4190607.601720782,125.3103448275862
566678.3370743338,4190607.5861836914,125.3052738336714
566678.2483982439,4190607.5346705425,125.3002028397566
566678.159653416,4190607.491622351,125.29513184584178
566678.0707539289,4190607.4676203076,125.29006085192698
566677.9819747309,4190607.4288045946,125.28498985801217
566677.8930924267,4190607.4026863165,125.27991886409737
566677.8043647775,4190607.3575218874,125.27484787018255
566677.7155168403,4190607.327171133,125.26977687626776
566677.626703271,4190607.2925879,125.26470588235294
566677.5378725167,4190607.260120909,125.25963488843813
566677.4491792344,4190607.210724007,125.25456389452333
566677.3603312945,4190607.1803732566,125.24949290060852
566677.2714833539,4190607.150022505,125.24442190669372
566677.1826697808,4190607.115439279,125.2393509127789
566677.093821839,4190607.08508853,125.2342799188641
566677.0050426323,4190607.0462728282,125.22920892494929
566676.9161946868,4190607.0159220826,125.22413793103448
566676.8274498464,4190606.9728739043,125.21906693711968
566676.7385847179,4190606.9446393973,125.21399594320486
566676.6498055081,4190606.9058236997,125.20892494929006
566676.560974746,4190606.873356717,125.20385395537525
566676.4721096155,4190606.845122216,125.19878296146045
566676.3834335064,4190606.7936090874,125.19371196754564
566676.2945683744,4190606.7653745865,125.18864097363083
566676.2056516905,4190606.7434888044,125.18356997971603
566676.1169583949,4190606.6940919165,125.17849898580121
566676.0280760772,4190606.667973657,125.17342799188641
566675.9392453101,4190606.6355066835,125.1683569979716
566675.8504317261,4190606.600923471,125.1632860040568
566675.761583774,4190606.5705727376,125.15821501014199
566675.6728045557,4190606.5317570497,125.15314401622717
566675.5838878679,4190606.5098712724,125.14807302231237
566675.4951601967,4190606.4647068703,125.14300202839756
566675.4062435075,4190606.4428210957,125.13793103448276
566675.3174986534,4190606.3997729346,125.13286004056795
566675.2287022478,4190606.3630734896,125.12778904665315
566675.1398371075,4190606.334839002,125.12271805273834
566675.0510235169,4190606.3002557983,125.11764705882354
566674.9621583753,4190606.272021312,125.11257606490872
566674.8733791502,4190606.233205633,125.10750507099391
566674.784462457,4190606.211319865,125.10243407707911
566674.6956832305,4190606.1725041885,125.0973630831643
566674.6068696342,4190606.1379209897,125.0922920892495
566674.5180044894,4190606.109686509,125.08722109533468
566674.429139344,4190606.081452028,125.08215010141988
566674.3403429311,4190606.0447525936,125.07707910750507
566674.251512151,4190606.012285637,125.07200811359026
566674.1626470037,4190605.98405116,125.06693711967546
566674.073799039,4190605.953700444,125.06186612576064
566673.9849338904,4190605.9254659694,125.05679513184585
566673.896137474,4190605.8887665397,125.05172413793103
566673.8073238736,4190605.8541833498,125.04665314401623
566673.718475904,4190605.8238326386,125.04158215010142
566673.6296451191,4190605.7913656887,125.0365111561866
566673.5409174319,4190605.746201309,125.0314401622718
566673.4519148151,4190605.734896749,125.026369168357
566673.3631183943,4190605.6981973243,125.0212981744422
566673.2742532407,4190605.669962858,125.01622718052738
566673.1853709035,4190605.6438446287,125.01115618661258
566673.0965401146,4190605.6113776867,125.00608519269777
566673.007743691,4190605.5746782664,125.00101419878297
566672.9188098033,4190605.5549087585,124.99594320486815
566672.8299790125,4190605.522441818,124.99087221095334
566672.7411138553,4190605.494207356,124.98580121703854
566672.6523346116,4190605.4553917004,124.98073022312373
566672.5635038188,4190605.422924763,124.97565922920893
566672.4746214768,4190605.396806543,124.97058823529412
566672.3857734998,4190605.366455846,124.96551724137932
566672.2969598855,4190605.331872672,124.9604462474645
566672.2080088109,4190605.314219411,124.95537525354969
566672.1192295629,4190605.2754037627,124.95030425963489
566672.0303300354,4190605.2514017853,124.94523326572008
566671.9414648726,4190605.223167332,124.94016227180528
566671.8525997093,4190605.1949328794,124.93509127789046
566671.7637001801,4190605.170930906,124.93002028397567
566671.6749724763,4190605.125766547,124.92494929006085
566671.5860557634,4190605.1038808133,124.91987829614604
566671.4971046849,4190605.0862275586,124.91480730223124
566671.4082738814,4190605.0537606343,124.90973630831643
566671.3194602621,4190605.0191774713,124.90466531440163
566671.2305435471,4190604.997291742,124.89959432048681
566671.1416783789,4190604.9690572983,124.89452332657201
566671.0527788454,4190604.9450553325,124.8894523326572
566670.9639480411,4190604.9125884124,124.8843813387424
566670.8751344183,4190604.8780052536,124.87931034482759
566670.7862005183,4190604.8582357694,124.87423935091277
566670.697318165,4190604.8321175682,124.86916835699797
566670.6084529934,4190604.8038831307,124.86409736308316
566670.519536272,4190604.7819974087,124.85902636916836
566670.4307054639,4190604.749530493,124.85395537525355
566670.3418918373,4190604.7149473415,124.84888438133875
566670.2529751166,4190604.6930616237,124.84381338742394
566670.164109942,4190604.6648271894,124.83874239350912
566670.0751588561,4190604.6471739514,124.83367139959432
566669.9863280448,4190604.6147070425,124.82860040567951
566669.8973769578,4190604.597053805,124.82352941176471
566669.8085289632,4190604.5667031365,124.8184584178499
566669.7197325142,4190604.530003753,124.8133874239351
566669.6307642439,4190604.514466757,124.80831643002028
566669.5419162475,4190604.4841160905,124.80324543610547
566669.4529651583,4190604.466462861,124.79817444219067
566669.3641171607,4190604.436112196,124.79310344827586
566669.2752863443,4190604.4036452943,124.78803245436106
566669.186283708,4190604.3923407816,124.78296146044624
566669.0974357064,4190604.361990121,124.77789046653145
566669.0085533427,4190604.335871938,124.77281947261663
566668.9196022509,4190604.3182187118,124.76774847870182
566668.8306855224,4190604.2963330103,124.76267748478702
566668.7417344298,4190604.2786797853,124.7576064908722
566668.6529207914,4190604.2440966507,124.7525354969574
566668.5639525161,4190604.2285596686,124.7474645030426
566668.4750701493,4190604.2024414907,124.7423935091278
566668.386187782,4190604.1763233156,124.73732251521298
566668.297253869,4190604.156553858,124.73225152129818
566668.2084058617,4190604.1262032064,124.72718052738337
566668.1194204028,4190604.1127824676,124.72210953346855
566668.0305723967,4190604.0824318184,124.71703853955376
566667.9416213003,4190604.064778602,124.71196754563894
566667.8527561115,4190604.036544194,124.70689655172414
566667.7638909221,4190604.008309786,124.70182555780933
566667.6749226428,4190603.992772813,124.69675456389453
566667.5859371816,4190603.9793520775,124.69168356997972
566667.4971063538,4190603.9468851965,124.6866125760649
566667.4082067993,4190603.9228832703,124.6815415821501
566667.3192556977,4190603.9052300616,124.67647058823529
566667.2303045979,4190603.8875768525,124.67139959432049
566667.1414565863,4190603.857226215,124.66632860040568
566667.0525742113,4190603.8311080523,124.66125760649088
566666.9636402916,4190603.811338609,124.65618661257606
566666.8746720088,4190603.7958016437,124.65111561866125
566666.7856350004,4190603.7887296355,124.64604462474645
566666.6967698049,4190603.760495239,124.64097363083164
566666.6078358837,4190603.7407257995,124.63590263691684
566666.5189019621,4190603.7209563605,124.63083164300203
566666.4299852212,4190603.6990706837,124.62576064908723
566666.3410512988,4190603.6793012465,124.62068965517241
566666.2521689194,4190603.653183094,124.6156186612576
566666.1632349961,4190603.6334136603,124.6105476673428
566666.0742838911,4190603.6157604647,124.60547667342799
566665.9853671482,4190603.5938747926,124.60040567951319
566665.8963473159,4190603.584686555,124.59533468559837
566665.8075336585,4190603.5501034525,124.59026369168357
566665.7185481898,4190603.5366827385,124.58519269776876
566665.6295970831,4190603.5190295475,124.58012170385396
566665.5406287949,4190603.5034925975,124.57505070993915
566665.4516433254,4190603.4900718867,124.56997971602433
566665.3627093985,4190603.470302459,124.56490872210954
566665.2737411094,4190603.4547655135,124.55983772819472
566665.1848243626,4190603.4328798493,124.55476673427992
566665.0959247963,4190603.408877949,124.54969574036511
566665.0069565038,4190603.393341004,124.54462474645031
566664.918005394,4190603.375687821,124.5395537525355
566664.8290371032,4190603.3601508783,124.53448275862068
566664.740154716,4190603.334032743,124.52941176470588
566664.651134882,4190603.3248445177,124.52434077079107
566664.5621494093,4190603.311423818,124.51926977687627
566664.4731811171,4190603.295886879,124.51419878296146
566664.3842300053,4190603.278233702,124.50912778904666
566664.2952101703,4190603.26904548,124.50405679513185
566664.2062418773,4190603.253508544,124.49898580121703
566664.1173079428,4190603.2337391316,124.49391480730223
566664.0284083715,4190603.209737243,124.48884381338742
566663.9393541744,4190603.204781503,124.48377281947262
566663.8504546023,4190603.1807796173,124.4787018255578
566663.7614347658,4190603.1715914006,124.473630831643
566663.6725180123,4190603.149705755,124.4685598377282
566663.5834122729,4190603.1510987342,124.4634888438134
566663.4945642407,4190603.120748136,124.45841784989858
566663.4055444032,4190603.1115599247,124.45334685598377
566663.3165761069,4190603.0960229984,124.44827586206897
566663.2275562692,4190603.086834789,124.44320486815415
566663.1385879723,4190603.071297865,124.43813387423936
566663.0496368555,4190603.0536447032,124.43306288032454
566662.9606170169,4190603.0444564973,124.42799188640974
566662.8716315388,4190603.031035813,124.42292089249493
566662.7826804188,4190603.0133826546,124.41784989858012
566662.693746481,4190602.993613258,124.41277890466532
566662.6047953625,4190602.975960099,124.4077079107505
566662.5156724413,4190602.97946933,124.4026369168357
566662.4267213224,4190602.9618161763,124.39756592292089
566662.3377358427,4190602.9483954976,124.39249492900609
566662.2487675428,4190602.932858585,124.38742393509128
566662.1596961619,4190602.930019103,124.38235294117646
566662.0707106814,4190602.916598429,124.37728194726166
566661.981776741,4190602.8968290403,124.37221095334685
566661.8926881795,4190602.8961058003,124.36713995943205
566661.8037714163,4190602.874220173,124.36206896551724
566661.7147172147,4190602.869264458,124.35699797160244
566661.625680193,4190602.8621925055,124.35192697768763
566661.5366947111,4190602.8487718375,124.34685598377283
566661.4476233291,4190602.845932363,124.34178498985801
566661.3587065665,4190602.824046742,124.3367139959432
566661.2697039038,4190602.812742316,124.3316430020284
566661.1806668813,4190602.805670367,124.32657200811359
566661.0916813981,4190602.7922497042,124.32150101419879
566661.0026271953,4190602.787293997,124.31643002028397
566660.91360735,4190602.7781058117,124.31135902636917
566660.8246046862,4190602.766801391,124.30628803245436
566660.7355333033,4190602.763961924,124.30121703853955
566660.6465306394,4190602.752657505,124.29614604462475
566660.5575795143,4190602.7350043706,124.29107505070994
566660.4685253107,4190602.7300486676,124.28600405679514
566660.3794539275,4190602.7272092067,124.28093306288032
566660.2903997238,4190602.7222535075,124.27586206896552
566660.2014142384,4190602.708832854,124.27079107505071
566660.1123943937,4190602.699644678,124.2657200811359
566660.0234089078,4190602.6862240266,124.2606490872211
566659.9343203445,4190602.685500808,124.25557809330628
566659.8453520377,4190602.669963919,124.25050709939148
566659.7561947562,4190602.677705657,124.24543610547667
566659.6672092696,4190602.66428501,124.24036511156187
566659.5781722422,4190602.65721308,124.23529411764706
566659.4891180374,4190602.652257389,124.23022312373226
566659.4001153708,4190602.640952982,124.22515212981745
566659.3110611658,4190602.6359972935,124.22008113590263
566659.2220756782,4190602.622576651,124.21501014198783
566659.1328840381,4190602.6345508727,124.20993914807302
566659.0439500882,4190602.614781515,124.20486815415822
566658.9548787035,4190602.6119420696,124.1997971602434
566658.865824498,4190602.6069863853,124.1947261663286
566658.7768046509,4190602.597798224,124.1896551724138
566658.6876817283,4190602.601307498,124.18458417849898
566658.5985588036,4190602.604816772,124.17951318458418
566658.5095389562,4190602.5956286127,124.17444219066937
566658.4204160337,4190602.5991378888,124.16937119675457
566658.3314649027,4190602.5814847783,124.16430020283975
566658.2423419802,4190602.584994055,124.15922920892496
566658.1532018788,4190602.5906195724,124.15415821501014
566658.064216389,4190602.577198943,124.14908722109533
566657.9751793618,4190602.5701270294,124.14401622718053
566657.8861251555,4190602.5651713554,124.13894523326572
566657.7970537702,4190602.5623319224,124.13387423935092
566657.7080510983,4190602.551027534,124.1288032454361
566657.618910997,4190602.556653057,124.1237322515213
566657.5297708957,4190602.562278581,124.11866125760649
566657.440751047,4190602.553090435,124.11359026369168
566657.3516281247,4190602.5565997227,124.10851926977688
566657.2624880237,4190602.5622252496,124.10344827586206
566657.1735368902,4190602.5445721503,124.09837728194726
566657.0844655044,4190602.5417327248,124.09330628803245
566656.9954284762,4190602.5346608222,124.08823529411765
566656.9062024816,4190602.5508675463,124.08316430020284
566656.8171654533,4190602.543795646,124.07809330628804
566656.7281112464,4190602.538839985,124.07302231237323
566656.638953967,4190602.5465817577,124.06795131845841
566656.5498482239,4190602.5479748156,124.06288032454361
566656.4607081236,4190602.553600352,124.0578093306288
566656.3717569861,4190602.535947261,124.052738336714
566656.2826168858,4190602.541572798,124.04766734279919
566656.1935626785,4190602.5366171435,124.04259634888439
566656.1044741141,4190602.5358939674,124.03752535496957
566656.0152652998,4190602.549984463,124.03245436105476
566655.9262110926,4190602.545028811,124.02738336713996
566655.8370194572,4190602.5570030687,124.02231237322515
566655.747999607,4190602.5478149415,124.01724137931035
566655.6588423289,4190602.555556725,124.01217038539554
566655.5697537648,4190602.5548335533,124.00709939148074
566655.48064802,4190602.5562266232,124.00202839756592
566655.3915938126,4190602.551270976,123.99695740365111
566655.302436535,4190602.5590127637,123.99188640973631
566655.2132964359,4190602.5646383115,123.9868154158215
566655.124156337,4190602.5702638626,123.9817444219067
566655.0350849513,4190602.567424458,123.97667342799188
566654.9459620309,4190602.570933772,123.97160243407708
566654.8568219322,4190602.5765593247,123.96653144016227
566654.7677161902,4190602.5779524017,123.96146044624746
566654.6786104481,4190602.5793454787,123.95638945233266
566654.5893672808,4190602.5976684666,123.95131845841784
566654.5003646058,4190602.5863641147,123.94624746450305
566654.4111729735,4190602.598338389,123.94117647058823
566654.3220500536,4190602.601847709,123.93610547667343
566654.232944312,4190602.6032407917,123.93103448275862
566654.1437355023,4190602.6173313065,123.92596348884382
566654.0546984731,4190602.6102594365,123.920892494929
566653.9654896636,4190602.624349955,123.9158215010142
566653.8763152105,4190602.6342079956,123.9107505070994
566653.7871751136,4190602.6398335607,123.90567951318458
566653.6980350168,4190602.6454591257,123.90060851926978
566653.6089636318,4190602.642619737,123.89553752535497
566653.5197720014,4190602.6545940214,123.89046653144017
566653.4306147272,4190602.6623358284,123.88539553752535
566653.3414918088,4190602.6658451594,123.88032454361054
566653.2523688904,4190602.6693544905,123.87525354969574
566653.1631429032,4190602.685561256,123.87018255578093
566653.074037163,4190602.6869543507,123.86511156186613
566652.9849314229,4190602.6883474477,123.86004056795132
566652.8956882609,4190602.7066704533,123.85496957403652
566652.8066340543,4190602.7017148356,123.8498985801217
566652.7173565375,4190602.724270322,123.84482758620689
566652.6281820872,4190602.7341283765,123.83975659229209
566652.5391794137,4190602.7228240445,123.83468559837728
566652.4498847203,4190602.747495773,123.82961460446248
566652.3607789811,4190602.7488888754,123.82454361054766
566652.2716045293,4190602.7587469346,123.81947261663286
566652.1823441924,4190602.779186187,123.81440162271805
566652.0932040985,4190602.7848117705,123.80933062880325
566652.0040296499,4190602.7946698316,123.80425963488844
566651.9149410888,4190602.7939466992,123.79918864097363
566651.8257322855,4190602.8080372415,123.79411764705883
566651.7364891277,4190602.826360261,123.78904665314401
566651.6473662122,4190602.8298696103,123.78397565922921
566651.5581574099,4190602.8439601534,123.7789046653144
566651.4690344946,4190602.847469504,123.7738336713996
566651.3798085132,4190602.8636762896,123.76876267748479
566651.2905653572,4190602.881999314,123.76369168356997
566651.2014767971,4190602.88127619,123.75862068965517
566651.1122508189,4190602.8974829777,123.75354969574036
566651.0230763729,4190602.9073410495,123.74847870182556
566650.9338503953,4190602.923547839,123.74340770791075
566650.8446415954,4190602.9376383903,123.73833671399595
566650.7554156185,4190602.953845182,123.73326572008114
566650.6662927051,4190602.957354541,123.72819472616632
566650.5771182603,4190602.9672126193,123.72312373225152
566650.4878579301,4190602.9876518897,123.71805273833671
566650.3985460692,4190603.014439879,123.71298174442191
566650.3094746879,4190603.011600527,123.7079107505071
566650.2202830671,4190603.023574846,123.7028397565923
566650.1311429777,4190603.02920045,123.69776876267748
566650.0417795875,4190603.0623371587,123.69269776876268
566649.9525879655,4190603.074311481,123.68762677484787
566649.8633963461,4190603.086285805,123.68255578093306
566649.774170373,4190603.102492606,123.67748478701826
566649.6850302849,4190603.1081182156,123.67241379310344
566649.5957356049,4190603.1327899746,123.66734279918865
566649.5065268099,4190603.1468805415,123.66227180527383
566649.4172664846,4190603.167319823,123.65720081135903
566649.3280920439,4190603.177177915,123.65212981744422
566649.2388832497,4190603.191268484,123.6470588235294
566649.149605749,4190603.2138240086,123.6419878296146
566649.0604141301,4190603.2257983405,123.6369168356998
566648.9712225138,4190603.2377726734,123.631845841785
566648.882013721,4190603.2518632477,123.62677484787018
566648.792787752,4190603.268070059,123.62170385395538
566648.7034930766,4190603.2927418277,123.61663286004057
566648.6141984018,4190603.3174135974,123.61156186612575
566648.5250926703,4190603.3188067414,123.60649087221095
566648.4357636432,4190603.34771099,123.60141987829614
566648.346503323,4190603.368150285,123.59634888438134
566648.2572430032,4190603.388589581,123.59127789046653
566648.1681029174,4190603.3942152057,123.58620689655173
566648.0788082455,4190603.418886982,123.58113590263692
566647.9895307506,4190603.441442519,123.57606490872212
566647.9003391383,4190603.453416864,123.5709939148073
566647.8110616443,4190603.4759724033,123.56592292089249
566647.7218185036,4190603.494295465,123.56085192697769
566647.6326440689,4190603.5041535744,123.55578093306288
566647.5434009288,4190603.5224766396,123.55070993914808
566647.454037555,4190603.5556133757,123.54563894523326
566647.3647772397,4190603.5760526825,123.54056795131847
566647.2754997485,4190603.5986082265,123.53549695740365
566647.1862909631,4190603.6126988186,123.53042596348884
566647.0969962965,4190603.637370604,123.52535496957404
566647.0077875118,4190603.6514611966,123.52028397565923
566646.9184928464,4190603.6761329845,123.51521298174443
566646.8292153577,4190603.698688534,123.51014198782961
566646.7399378673,4190603.7212440856,123.50507099391481
566646.6506775557,4190603.7416833984,123.5
566646.5614344208,4190603.7600064734,123.49492900608519
566646.4721054058,4190603.788910745,123.48985801217039
566646.3828279196,4190603.8114662995,123.48478701825557
566646.293584786,4190603.8297893773,123.47971602434077
566646.2042385967,4190603.860809889,123.47464503042596
566646.1149439362,4190603.885481685,123.46957403651116
566646.02571798,4190603.901688528,123.46450304259635
566645.9363889686,4190603.9305928038,123.45943204868153
566645.847180187,4190603.9446834093,123.45436105476674
566645.7578340009,4190603.9757039254,123.44929006085192
566645.6686252223,4190603.989794533,123.44421906693712
566645.579313389,4190604.0165825738,123.43914807302231
566645.4900702597,4190604.034905662,123.43407707910751
566645.4007584275,4190604.0616937033,123.4290060851927
566645.3114122442,4190604.0927142254,123.42393509127788
566645.2221004133,4190604.11950227,123.41886409736308
566645.1328229344,4190604.1420578384,123.41379310344827
566645.0435111047,4190604.1688458854,123.40872210953347
566644.9543023274,4190604.1829365008,123.40365111561866
566644.8649904986,4190604.2097245497,123.39858012170386
566644.775609968,4190604.2449775543,123.39350912778905
566644.6862981406,4190604.2717656046,123.38843813387425
566644.5970206648,4190604.294321179,123.38336713995943
566644.507691663,4190604.3232254707,123.37829614604462
566644.418276784,4190604.3627109556,123.37322515212982
566644.3291367145,4190604.3683366226,123.368154158215
566644.2397561878,4190604.4035896338,123.3630831643002
566644.1505817679,4190604.4134477805,123.3580121703854
566644.0610981898,4190604.4613982253,123.3529411764706
566643.9717863671,4190604.488186283,123.34787018255578
566643.8825088961,4190604.510741865,123.34279918864097
566643.793128373,4190604.54599488,123.33772819472617
566643.7038680783,4190604.5664342255,123.33265720081135
566643.6145047321,4190604.5995710036,123.32758620689656
566643.5252100856,4190604.6242428273,123.32251521298174
566643.4359669678,4190604.6425659372,123.31744421906694
566643.346637974,4190604.67147024,123.31237322515213
566643.2572402799,4190604.7088395017,123.30730223123732
566643.1679112875,4190604.7377438056,123.30223123732252
566643.0785135949,4190604.775113067,123.2971602434077
566642.9892017791,4190604.8019011365,123.2920892494929
566642.8998727888,4190604.8308054465,123.28701825557809
566642.8105609742,4190604.8575935178,123.28194726166329
566642.7212663353,4190604.88226535,123.27687626774848
566642.6318858194,4190604.917518377,123.27180527383368
566642.5425911817,4190604.942190214,123.26673427991886
566642.4532621945,4190604.971094526,123.26166328600405
566642.3638473328,4190605.0105800345,123.25659229208925
566642.274415297,4190605.0521817813,123.25152129817444
566642.1851893619,4190605.0683886665,123.24645030425964
566642.0957916776,4190605.1057579387,123.24137931034483
566642.0065485686,4190605.1240810626,123.23630831643003
566641.9170650111,4190605.1720315306,123.23123732251521
566641.827701679,4190605.2051683287,123.2261663286004
566641.7384242197,4190605.2277239338,123.2210953346856
566641.6490952385,4190605.256628256,123.21602434077079
566641.5597147336,4190605.291881295,123.21095334685599
566641.4703514043,4190605.325018098,123.20588235294117
566641.3809022019,4190605.3687360925,123.20081135902637
566641.2915560488,4190605.399756658,123.19574036511156
566641.2022785955,4190605.4223122685,123.19066937119675
566641.1128465702,4190605.463914029,123.18559837728195
566641.0234832447,4190605.497050835,123.18052738336714
566640.9341199198,4190605.5301876427,123.17545638945234
566640.8448081197,4190605.556975735,123.17038539553752
566640.7553932724,4190605.59646126,123.16531440162272
566640.6660299497,4190605.6295980704,123.16024340770791
566640.5765979296,4190605.6711998363,123.15517241379311
566640.4872861322,4190605.697987933,123.1501014198783
566640.3978884626,4190605.735357222,123.14503042596348
566640.3085251409,4190605.7684940374,123.13995943204868
566640.2191102986,4190605.8079795693,123.13488843813387
566640.1296439337,4190605.8538138177,123.12981744421907
566640.040297791,4190605.884834395,123.12474645030426
566639.9509344745,4190605.917971213,123.11967545638946
566639.8615539843,4190605.9532242715,123.11460446247465
566639.7721219719,4190605.994826046,123.10953346855983
566639.6827414834,4190606.0300791063,123.10446247464503
566639.5934468673,4190606.054750973,123.09939148073022
566639.5039461602,4190606.1048177066,123.09432048681542
566639.4146000204,4190606.1358382897,123.0892494929006
566639.325219535,4190606.1710913545,123.0841784989858
566639.2357188308,4190606.2211580896,123.079107505071
566639.1463726957,4190606.252178677,123.07403651115618
566639.0569578643,4190606.291664221,123.06896551724138
566638.9676289049,4190606.3205685723,123.06389452332657
566638.8782140752,4190606.360054119,123.05882352941177
566638.7888507688,4190606.3931909497,123.05375253549695
566638.6993672445,4190606.4411414517,123.04868154158216
566638.6099180693,4190606.484859478,123.04361054766734
566638.5205719372,4190606.515880071,123.03853955375254
566638.43119146,4190606.5511331456,123.03346855983773
566638.3417938096,4190606.5885024574,123.02839756592292
566638.252327464,4190606.6343367263,123.02332657200812
566638.1629298154,4190606.671706042,123.0182555780933
566638.0734978196,4190606.713307834,123.0131845841785
566637.9840658248,4190606.7549096304,123.00811359026369
566637.8946510048,4190606.794395185,123.00304259634889
566637.8052533595,4190606.831764503,122.99797160243408
566637.7158385413,4190606.871250062,122.99290060851926
566637.6263893761,4190606.9149680994,122.98782961460446
566637.5368715168,4190606.967151092,122.98275862068965
566637.4475597441,4190606.9939392195,122.97768762677485
566637.3581277556,4190607.0355410213,122.97261663286004
566637.2687644629,4190607.0686778687,122.96754563894524
566637.1792809551,4190607.1166283875,122.96247464503043
566637.089848967,4190607.158230192,122.95740365111561
566637.0003826349,4190607.204064473,122.95233265720081
566636.9109849983,4190607.241433803,122.947261663286
566636.8215530154,4190607.283035608,122.9421906693712
566636.7320351653,4190607.3352186093,122.93711967545639
566636.6426203578,4190607.3747041803,122.93204868154159
566636.5532398984,4190607.4099572734,122.92697768762677
566636.4637048779,4190607.4642565167,122.92190669371197
566636.3743415937,4190607.497393373,122.91683569979716
566636.2849267898,4190607.536878947,122.91176470588235
566636.1953574234,4190607.5954106697,122.90669371196755
566636.1060284886,4190607.6243150523,122.90162271805274
566636.0165449937,4190607.672265583,122.89655172413794
566635.9271130202,4190607.7138673994,122.89148073022312
566635.8376295273,4190607.761817933,122.88640973630832
566635.748163209,4190607.8076522294,122.88133874239351
566635.6587484116,4190607.8471378093,122.8762677484787
566635.5692134019,4190607.901437063,122.8711967545639
566635.4797814331,4190607.9430388836,122.86612576064908
566635.3903151187,4190607.9888731833,122.86105476673428
566635.3009003229,4190608.0283587673,122.85598377281947
566635.2114340104,4190608.0741930683,122.85091277890467
566635.121967699,4190608.1200273717,122.84584178498986
566635.0325013886,4190608.1658616755,122.84077079107504
566634.9429663867,4190608.2201609337,122.83569979716025
566634.8535687708,4190608.2575302855,122.83062880324543
566634.7641368096,4190608.299132114,122.82555780933063
566634.674601811,4190608.3534313766,122.82048681541582
566634.5851526787,4190608.397149447,122.81541582150102
566634.4957035475,4190608.440867516,122.8103448275862
566634.4063059362,4190608.4782368727,122.8052738336714
566634.3167537688,4190608.5346523775,122.8002028397566
566634.2272702947,4190608.582602928,122.79513184584178
566634.1377353027,4190608.636902195,122.79006085192698
566634.0482861764,4190608.6806202712,122.78498985801217
566633.958871397,4190608.720105869,122.77991886409737
566633.869336406,4190608.774405141,122.77484787018255
566633.7798529371,4190608.8223556965,122.76977687626774
566633.6903179507,4190608.8766549695,122.76470588235294
566633.6008001384,4190608.928838005,122.75963488843813
566633.5114197094,4190608.9640911305,122.75456389452333
566633.421850381,4190609.0226228843,122.74949290060852
566633.3324871265,4190609.055759773,122.74442190669372
566633.2429006275,4190609.1164077665,122.7393509127789
566633.1533999934,4190609.166474569,122.7342799188641
566633.063865015,4190609.2207738487,122.72920892494929
566632.9745704526,4190609.245445787,122.72413793103448
566632.8849496131,4190609.3103262624,122.71906693711968
566632.7953974656,4190609.366741783,122.71399594320486
566632.7059140095,4190609.41469235,122.70892494929006
566632.6164992447,4190609.454177963,122.70385395537525
566632.5270157907,4190609.502128534,122.69878296146045
566632.4374808202,4190609.556427819,122.69371196754564
566632.3479458509,4190609.610727106,122.68864097363083
566632.2584452276,4190609.6607939173,122.68356997971603
566632.1690132953,4190609.702395775,122.67849898580121
566632.0794439823,4190609.7609275416,122.67342799188641
566631.989874673,4190609.8194593107,122.6683569979716
566631.9003912266,4190609.8674098873,122.6632860040568
566631.8109421261,4190609.911127986,122.65821501014199
566631.7214071648,4190609.9654272813,122.65314401622717
566631.6318722048,4190610.0197265754,122.64807302231237
566631.5423715905,4190610.0697933957,122.64300202839756
566631.4528881497,4190610.1177439746,122.63793103448276
566631.3633188487,4190610.1762757506,122.63286004056795
566631.2738525821,4190610.222110095,122.62778904665315
566631.1843004557,4190610.2785256333,122.62271805273834
566631.0947998471,4190610.328592456,122.61764705882354
566631.0052133788,4190610.3892404754,122.61257606490872
566630.9156956003,4190610.441423539,122.60750507099391
566630.8262465114,4190610.4851416484,122.60243407707911
566630.736694391,4190610.5415571933,122.5973630831643
566630.6470907535,4190610.604321453,122.5922920892495
566630.5576073237,4190610.6522720433,122.58722109533468
566630.468123895,4190610.7002226342,122.58215010141988
566630.3785889514,4190610.754521944,122.57707910750507
566630.2890196652,4190610.8130537304,122.57200811359026
566630.199501896,4190610.8652368034,122.56693711967546
566630.1099326122,4190610.923768592,122.56186612576064
566630.0204663611,4190610.969602949,122.55679513184585
566629.9310001108,4190611.0154373082,122.55172413793103
566629.8413793151,4190611.0803178167,122.54665314401623
566629.7518272059,4190611.1367333694,122.54158215010142
566629.6623094437,4190611.1889164466,122.5365111561866
566629.5727401673,4190611.2474482427,122.5314401622718
566629.4832052358,4190611.3017475605,122.526369168357
566629.3936359619,4190611.360279357,122.5212981744422
566629.3041010327,4190611.4145786776,122.51622718052738
566629.2145661048,4190611.468877998,122.51115618661258
566629.125031178,4190611.5231773215,122.50608519269777
566629.0354790807,4190611.5795928827,122.50101419878297
566628.94587547,4190611.6423571627,122.49594320486815
566628.8563577163,4190611.694540248,122.49087221095334
566628.7668743092,4190611.7424908574,122.48580121703854
566628.6772363591,4190611.8094876176,122.48073022312373
566628.5877529542,4190611.8574382295,122.47565922920893
566628.4980978353,4190611.926551229,122.47058823529412
566628.4086831188,4190611.966036887,122.46551724137932
566628.3189764883,4190612.041498606,122.4604462474645
566628.2295446025,4190612.0831005056,122.45537525354969
566628.1399238319,4190612.147981032,122.45030425963489
566628.0503889198,4190612.2022803654,122.44523326572008
566627.960819666,4190612.260812177,122.44016227180528
566627.8712504137,4190612.3193439916,122.43509127789046
566627.7816639913,4190612.3799920436,122.43002028397567
566627.6921119128,4190612.4364076196,122.42494929006085
566627.6025426643,4190612.4949394357,122.41987829614604
566627.5130077596,4190612.549238776,122.41480730223124
566627.4233698264,4190612.6162355486,122.40973630831643
566627.3338349242,4190612.67053489,122.40466531440163
566627.244282852,4190612.7269504704,122.39959432048681
566627.1546449253,4190612.7939472464,122.39452332657201
566627.0650928556,4190612.8503628294,122.3894523326572
566626.9755751295,4190612.9025459373,122.3843813387424
566626.8860917466,4190612.9504965665,122.37931034482759
566626.7963507989,4190613.0301907784,122.37423935091277
566626.7067987344,4190613.086606366,122.36916835699797
566626.6172123291,4190613.147254432,122.36409736308316
566626.5276430937,4190613.20578626,122.35902636916836
566626.4381082039,4190613.2600856093,122.35395537525355
566626.3484874606,4190613.3249661564,122.34888438133875
566626.2589525734,4190613.3792655095,122.34381338742394
566626.1693146619,4190613.446262296,122.33874239350912
566626.0798484606,4190613.4920966947,122.33367139959432
566625.9902448936,4190613.554861005,122.32860040567951
566625.9006069861,4190613.6218577954,122.32352941176471
566625.8109862511,4190613.686738347,122.3184584178499
566625.7213483466,4190613.753735138,122.3133874239351
566625.6318649782,4190613.801685782,122.30831643002028
566625.5422270765,4190613.8686825745,122.30324543610547
566625.4525548348,4190613.9399118465,122.29817444219067
566625.3631058137,4190613.9836300164,122.29310344827586
566625.2734679162,4190614.0506268116,122.28803245436106
566625.183881532,4190614.1112748925,122.28296146044624
566625.0942779786,4190614.1740392135,122.27789046653145
566625.0046057442,4190614.2452684897,122.27281947261663
566624.9151052171,4190614.2953353794,122.26774847870183
566624.825450156,4190614.3644484193,122.26267748478702
566624.7358466082,4190614.427212744,122.2576064908722
566624.6462602322,4190614.48786083,122.2525354969574
566624.5566395165,4190614.5527413953,122.2474645030426
566624.4671218251,4190614.60492453,122.2423935091278
566624.3774324303,4190614.678270052,122.23732251521298
566624.2879662528,4190614.724104471,122.23225152129818
566624.1982940291,4190614.7953337557,122.22718052738337
566624.1086218092,4190614.8665630426,122.22210953346855
566624.0190697834,4190614.9229786573,122.21703853955376
566623.9294319071,4190614.9899754683,122.21196754563894
566623.8399142246,4190615.0421586083,122.20689655172414
566623.7502935213,4190615.1070391834,122.20182555780933
566623.6605526278,4190615.1867334284,122.19675456389453
566623.571034949,4190615.238916572,122.19168356997972
566623.4813970799,4190615.3059133873,122.1866125760649
566623.3917763825,4190615.370793965,122.1815415821501
566623.3021728543,4190615.4335583053,122.17647058823529
566623.2125693299,4190615.4963226463,122.17139959432049
566623.1229658067,4190615.5590869887,122.16632860040568
566623.0333966253,4190615.6176188528,122.16125760649088
566622.9437244245,4190615.6888481514,122.15618661257606
566622.8540522254,4190615.760077452,122.15111561866125
566622.764500218,4190615.8164930795,122.14604462474645
566622.6748451918,4190615.8856061436,122.14097363083164
566622.585327527,4190615.9377892967,122.13590263691684
566622.4957068437,4190616.0026698844,122.13083164300203
566622.4060003096,4190616.0781316673,122.12576064908723
566622.3163452893,4190616.147244734,122.12068965517241
566622.2267417802,4190616.210009085,122.1156186612576
566622.1371726124,4190616.268540959,122.1105476673428
566622.0475175963,4190616.3376540295,122.10547667342799
566621.9578454121,4190616.408883339,122.10040567951319
566621.8682590784,4190616.4695314555,122.09533468559837
566621.7786040669,4190616.538644529,122.09026369168357
566621.6889490569,4190616.6077576005,122.08519269776876
566621.5994142367,4190616.662057005,122.08012170385396
566621.5096905506,4190616.7396350354,122.07505070993915
566621.4200698845,4190616.8045156333,122.06997971602433
566621.3304148805,4190616.8736287104,122.06490872210954
566621.2408457263,4190616.932160596,122.05983772819472
566621.1512078948,4190616.999157436,122.05476673427992
566621.0615872344,4190617.0640380383,122.04969574036511
566620.9718807251,4190617.139499836,122.04462474645031
566620.8823115764,4190617.198031726,122.0395537525355
566620.7926222421,4190617.2713772864,122.03448275862068
566620.7030530961,4190617.329909176,122.02941176470588
566620.6132950869,4190617.4117196924,122.02434077079107
566620.5237259436,4190617.470251586,122.01926977687627
566620.4341224629,4190617.5330159576,122.01419878296146
566620.3444331362,4190617.6063615214,122.00912778904666
566620.2548124888,4190617.6712421346,122.00405679513185
566620.1651746734,4190617.738238985,121.99898580121703
566620.0754853493,4190617.8115845537,121.99391480730223
566619.985950553,4190617.865883974,121.98884381338742
566619.8962440647,4190617.941345783,121.98377281947262
566619.8065204088,4190618.018923831,121.9787018255578
566619.7169169395,4190618.0816882113,121.973630831643
566619.6272619638,4190618.150801307,121.9685598377282
566619.5376241588,4190618.2177981646,121.9634888438134
566619.4480206937,4190618.280562545,121.95841784989858
566619.3583828916,4190618.3475594046,121.95334685598377
566619.2687279219,4190618.416672505,121.94827586206897
566619.1791072898,4190618.4815531266,121.94320486815415
566619.0894866611,4190618.5464337515,121.93813387423936
566618.9997115122,4190618.6303605256,121.93306288032454
566618.9100050414,4190618.7058223453,121.92799188640974
566618.8204359246,4190618.764354257,121.92292089249493
566618.730798133,4190618.8313511233,121.91784989858012
566618.6411260047,4190618.9025804675,121.91277890466532
566618.5514538782,4190618.973809814,121.9077079107505
566618.4617302462,4190619.0513878777,121.9026369168357
566618.3721783054,4190619.107803554,121.89756592292089
566618.2825405211,4190619.1748004262,121.89249492900609
566618.1927825562,4190619.256610968,121.88742393509128
566618.103144775,4190619.323607842,121.88235294117646
566618.013558502,4190619.384256,121.87728194726166
566617.9238520485,4190619.4597178306,121.87221095334685
566617.8342657781,4190619.520365991,121.86713995943205
566617.7446280007,4190619.587362868,121.86206896551724
566617.6548528768,4190619.671289657,121.85699797160244
566617.5652666108,4190619.7319378196,121.85192697768763
566617.4755601652,4190619.8073996557,121.84685598377283
566617.385922396,4190619.8743965356,121.84178498985801
566617.2962159535,4190619.949858373,121.8367139959432
566617.2065266815,4190620.023203971,121.8316430020284
566617.1169404227,4190620.0838521402,121.82657200811359
566617.0272168164,4190620.161430218,121.82150101419879
566616.9376648976,4190620.2178459107,121.81643002028397
566616.8479412923,4190620.2954239906,121.81135902636917
566616.758252028,4190620.3687695954,121.80628803245436
566616.6685627653,4190620.4421152007,121.80121703853955
566616.5789250097,4190620.50911209,121.79614604462475
566616.4892872554,4190620.576108981,121.79107505070994
566616.399580829,4190620.651570828,121.78600405679514
566616.3098400674,4190620.731265153,121.78093306288032
566616.220167981,4190620.802494525,121.77586206896552
566616.1305130646,4190620.871607657,121.77079107505071
566616.0409096547,4190620.934372076,121.7657200811359
566615.951203234,4190621.0098339273,121.7606490872211
566615.8615139856,4190621.0831795414,121.75557809330628
566615.7717732339,4190621.1628738726,121.75050709939148
566615.6822556711,4190621.2150570997,121.74543610547667
566615.5925320908,4190621.292635194,121.74036511156187
566615.5028943534,4190621.3596320967,121.73529411764706
566615.4131879446,4190621.4350939533,121.73022312373226
566615.3234643692,4190621.5126720504,121.72515212981745
566615.2339124769,4190621.569087761,121.72008113590263
566615.1441545686,4190621.650898338,121.71501014198783
566615.0544138299,4190621.7305926764,121.70993914807302
566614.9647589335,4190621.7997058225,121.70486815415822
566614.8751212066,4190621.8667027294,121.6997971602434
566614.7853976411,4190621.944280833,121.6947261663286
566614.6957255813,4190622.0155102205,121.6896551724138
566614.6060363528,4190622.0888558486,121.68458417849898
566614.5164158,4190622.153736523,121.67951318458418
566614.4266235692,4190622.2397795827,121.67444219066937
566614.3370030194,4190622.3046602583,121.66937119675457
566614.2473824711,4190622.369540934,121.66430020283975
566614.1576760849,4190622.4450028064,121.65922920892496
566614.0679353646,4190622.5246971548,121.65415821501014
566613.9782633174,4190622.5959265498,121.64908722109533
566613.8886084395,4190622.665039709,121.64401622718053
566613.7988848919,4190622.7426178223,121.63894523326572
566613.709178514,4190622.818079697,121.63387423935092
566613.6195579739,4190622.8829603805,121.6288032454361
566613.5298859344,4190622.95418978,121.6237322515213
566613.4401967289,4190623.02753542,121.61866125760649
566613.3504731896,4190623.1051135384,121.61359026369169
566613.260749652,4190623.1826916584,121.60851926977688
566613.1711119543,4190623.2496885844,121.60344827586206
566613.0814570903,4190623.3188017504,121.59837728194726
566612.9916820548,4190623.4027285897,121.59330628803245
566612.901992859,4190623.4760742346,121.58823529411765
566612.8123551673,4190623.543071165,121.58316430020284
566612.7226831398,4190623.6143005737,121.57809330628803
566612.6329252787,4190623.6961111776,121.57302231237323
566612.5432532568,4190623.7673405884,121.56795131845841
566612.453564069,4190623.840686239,121.56288032454361
566612.3639092175,4190623.9097994124,121.5578093306288
566612.274185698,4190623.9873775425,121.552738336714
566612.1845995192,4190624.048025764,121.54766734279919
566612.0948588356,4190624.1277201334,121.54259634888439
566612.0051181538,4190624.207414508,121.53752535496957
566611.9154633101,4190624.2765276846,121.53245436105476
566611.8257397988,4190624.35410582,121.52738336713996
566611.7360849583,4190624.423219001,121.52231237322515
566611.646327116,4190624.5050296155,121.51724137931035
566611.5566894457,4190624.5720265578,121.51217038539554
566611.4670002755,4190624.6453722203,121.50709939148074
566611.3772767703,4190624.7229503593,121.50202839756592
566611.2875876033,4190624.796296022,121.49695740365111
566611.1978641037,4190624.8738741647,121.49188640973631
566611.1081234387,4190624.953568545,121.4868154158215
566611.0185029448,4190625.018449256,121.4817444219067
566610.9287279492,4190625.102376117,121.47667342799188
566610.8391589595,4190625.160908114,121.47160243407708
566610.7494011341,4190625.242718737,121.46653144016227
566610.6596776444,4190625.320296885,121.46146044624746
566610.5700056573,4190625.391526317,121.45638945233266
566610.4803680056,4190625.458523273,121.45131845841784
566610.3906445187,4190625.5361014227,121.44624746450305
566610.3009038686,4190625.6157958126,121.44117647058823
566610.2112318879,4190625.687025249,121.43610547667343
566610.1215427419,4190625.760370926,121.43103448275862
566610.031802097,4190625.8400653186,121.42596348884382
566609.9421472879,4190625.909178517,121.420892494929
566609.8524409799,4190625.9846404353,121.4158215010142
566609.7627861738,4190626.053753637,121.4107505070994
566609.673079869,4190626.1292155553,121.40567951318458
566609.5833907326,4190626.202561237,121.40060851926978
566609.4935985955,4190626.288604353,121.39553752535497
566609.4038064625,4190626.374647469,121.39046653144017
566609.3142546644,4190626.4310632427,121.38539553752535
566609.2244797014,4190626.5149901207,121.38032454361054
566609.1348592396,4190626.579870853,121.37525354969574
566609.0450842801,4190626.6637977343,121.37018255578093
566608.9553779886,4190626.739259661,121.36511156186613
566608.8656716988,4190626.81472159,121.36004056795132
566608.7759997436,4190626.8859510403,121.35496957403652
566608.6863621229,4190626.952948015,121.3498985801217
566608.5965528392,4190627.041107379,121.34482758620689
566608.5068980552,4190627.110220594,121.33975659229209
566608.4172089399,4190627.1835662876,121.33468559837728
566608.3275541591,4190627.252679506,121.32961460446248
566608.2377963816,4190627.3344901567,121.32454361054766
566608.1481072688,4190627.4078358533,121.31947261663286
566608.0584009938,4190627.4832977904,121.31440162271805
566607.9687290529,4190627.5545272515,121.30933062880325
566607.8790056148,4190627.6321054287,121.30425963488844
566607.7892993446,4190627.7075673672,121.29918864097363
566607.6996102423,4190627.78091307,121.29411764705883
566607.6099039754,4190627.856375011,121.28904665314401
566607.520180544,4190627.933953191,121.28397565922921
566607.430542945,4190628.0009501805,121.2789046653144
566607.3407851845,4190628.0827608407,121.2738336713996
566607.2510960881,4190628.156106547,121.26876267748479
566607.1613726633,4190628.233684733,121.26369168356997
566607.071580576,4190628.319727874,121.25862068965517
566606.9819086528,4190628.390957345,121.25354969574036
566606.8922195652,4190628.4643030544,121.24847870182556
566606.8025648112,4190628.533416289,121.24340770791075
566606.7128242288,4190628.6131107174,121.23833671399595
566606.6232209757,4190628.675875238,121.23326572008114
566606.5334632308,4190628.757685907,121.22819472616632
566606.4437398193,4190628.8352640993,121.22312373225152
566606.3539820778,4190628.9170747707,121.21805273833671
566606.2642929993,4190628.990420488,121.21298174442191
566606.1746382563,4190629.059533728,121.2079107505071
566606.0849491833,4190629.1328794477,121.2028397565923
566605.9951571169,4190629.2189226006,121.19776876267748
566605.9055023787,4190629.2880358445,121.19269776876268
566605.8158133106,4190629.3613815675,121.18762677484787
566605.7260899125,4190629.438959767,121.18255578093306
566605.6363836818,4190629.51442173,121.17748478701826
566605.5466431214,4190629.5941161704,121.17241379310344
566605.4570742195,4190629.652648225,121.16734279918865
566605.367299331,4190629.736575146,121.16227180527383
566605.2776102725,4190629.8099208735,121.15720081135903
566605.1879212157,4190629.883266602,121.15212981744422
566605.0981463325,4190629.967193527,121.1470588235294
566605.008457279,4190630.0405392563,121.1419878296146
566604.9187510592,4190630.116001226,121.1369168356998
566604.8291135054,4190630.1829982437,121.131845841785
566604.7393386292,4190630.2669251724,121.12677484787018
566604.6496839131,4190630.3360384284,121.12170385395538
566604.5599605367,4190630.413616641,121.11663286004057
566604.470237162,4190630.4911948564,121.11156186612575
566604.3805996159,4190630.5581918773,121.10649087221095
566604.2908247483,4190630.6421188093,121.10141987829614
566604.2010842133,4190630.7218132643,121.09634888438134
566604.1114295067,4190630.7909265277,121.09127789046653
566604.0217747993,4190630.860039791,121.08620689655173
566603.9320342693,4190630.9397342494,121.08113590263692
566603.8423280715,4190631.0151962326,121.07606490872212
566603.752587545,4190631.0948906923,121.0709939148073
566603.6628985157,4190631.168236439,121.06592292089249
566603.5732609837,4190631.235233468,121.06085192697769
566603.4835204622,4190631.314927932,121.05578093306288
566603.3937971075,4190631.392506157,121.05070993914808
566603.3041252499,4190631.463735667,121.04563894523326
566603.2144018984,4190631.541313895,121.04056795131847
566603.1247300417,4190631.612543407,121.03549695740365
566603.0350066937,4190631.6901216367,121.03042596348884
566602.9452661823,4190631.7698161067,121.02535496957404
566602.8556458277,4190631.8346969043,121.02028397565923
566602.7658366598,4190631.922856331,121.01521298174443
566602.6762506381,4190631.9835046544,121.01014198782961
566602.5865272984,4190632.061082889,121.00507099391481
566602.4967353006,4190632.147126079,121.0
566602.4071492834,4190632.2077744054,120.99492900608519
566602.317408784,4190632.287468882,120.98985801217039
566602.2277026157,4190632.3629308823,120.98478701825557
566602.1379621195,4190632.442625359,120.97971602434077
566602.0482559546,4190632.5180873596,120.97464503042596
566601.9586012857,4190632.587200646,120.96957403651116
566601.8688779594,4190632.664778889,120.96450304259635
566601.7791889642,4190632.7381246546,120.95943204868155
566601.6895514624,4190632.8051217045,120.95436105476674
566601.5997766469,4190632.8890486658,120.94929006085192
566601.5100704919,4190632.964510672,120.94421906693712
566601.4204158324,4190633.0336239645,120.93914807302231
566601.330692516,4190633.1112022125,120.93407707910751
566601.2409520367,4190633.1908967,120.9290060851927
566601.1513145466,4190633.257893756,120.92393509127788
566601.0616083997,4190633.3333557695,120.91886409736308
566600.9718679254,4190633.413050259,120.91379310344827
566600.8821789464,4190633.4863960342,120.90872210953347
566600.7925414601,4190633.553393094,120.90365111561866
566600.7028868132,4190633.622506394,120.89858012170386
566600.6130605234,4190633.7127820803,120.89350912778905
566600.5234917017,4190633.7713141893,120.88843813387425
566600.4336997443,4190633.857357402,120.88336713995943
566600.3439764462,4190633.934935661,120.87829614604462
566600.2543046428,4190634.0061652036,120.87322515212982
566600.1646500053,4190634.075278509,120.868154158215
566600.0749953693,4190634.144391816,120.8630831643002
566599.9852549135,4190634.224086316,120.8580121703854
566599.8955316214,4190634.30166458,120.8529411764706
566599.8059113186,4190634.3665454113,120.84787018255578
566599.7161708678,4190634.4462399157,120.84279918864097
566599.6265162397,4190634.5153532275,120.83772819472617
566599.5367929564,4190634.5929314937,120.83265720081135
566599.447086839,4190634.6683935244,120.82758620689656
566599.3574665438,4190634.7332743597,120.82251521298174
566599.2676917731,4190634.8172013476,120.81744421906694
566599.1779856606,4190634.892663378,120.81237322515213
566599.0882967138,4190634.9660091735,120.80730223123732
566598.9985734405,4190635.0435874467,120.80223123732252
566598.908953153,4190635.1084682867,120.7971602434077
566598.819247047,4190635.183930324,120.7920892494929
566598.7296267623,4190635.2488111667,120.78701825557809
566598.6398176758,4190635.336970638,120.78194726166329
566598.5502317222,4190635.397619006,120.77687626774848
566598.4604741287,4190635.479429762,120.77180527383368
566598.3708366862,4190635.546426848,120.76673427991886
566598.2811820816,4190635.6155401734,120.76166328600405
566598.1914416591,4190635.6952346945,120.75659229208925
566598.1017355662,4190635.7706967387,120.75152129817444
566598.0119951472,4190635.850391262,120.74645030425964
566597.9223577125,4190635.9173883502,120.74137931034483
566597.8327031157,4190635.9865016825,120.73630831643003
566597.7429112105,4190636.072544924,120.73123732251521
566597.653359599,4190636.1289608236,120.7261663286004
566597.5636191859,4190636.2086553513,120.7210953346856
566597.4739474317,4190636.279884924,120.71602434077079
566597.3842756788,4190636.351114498,120.71095334685599
566597.294586764,4190636.4244603124,120.70588235294117
566597.2048978508,4190636.4978061276,120.70081135902637
566597.1151917756,4190636.573268181,120.69574036511156
566597.0256230102,4190636.631800327,120.69066937119675
566596.9357796302,4190636.724192293,120.68559837728195
566596.8461250503,4190636.7933056345,120.68052738336714
566596.7565219625,4190636.8560702596,120.67545638945234
566596.6667815662,4190636.9357647975,120.67038539553752
566596.5770583374,4190637.013343095,120.66531440162272
566596.4873866003,4190637.0845726803,120.66024340770791
566596.397766355,4190637.149453549,120.65517241379311
566596.3080774577,4190637.2227993724,120.6501014198783
566596.2185087053,4190637.281331526,120.64503042596348
566596.1287511579,4190637.3631423083,120.63995943204868
566596.0390965919,4190637.432255658,120.63488843813387
566595.9493390479,4190637.5140664415,120.62981744421907
566595.8597359747,4190637.5768310777,120.62474645030426
566595.7700642501,4190637.6480606687,120.61967545638946
566595.680392527,4190637.719290261,120.61460446247465
566595.5907379688,4190637.7884036163,120.60953346855983
566595.5010319225,4190637.8638656884,120.60446247464503
566595.4113430411,4190637.9372115205,120.59939148073022
566595.3216541612,4190638.0105573577,120.59432048681542
566595.232051096,4190638.0733219995,120.5892494929006
566595.1423278932,4190638.1509003146,120.5841784989858
566595.0526561812,4190638.2221299126,120.579107505071
566594.9629501445,4190638.2975919913,120.57403651115618
566594.8733470876,4190638.3603566373,120.56896551724138
566594.7836410542,4190638.435818717,120.56389452332657
566594.6939521855,4190638.5091645583,120.55882352941177
566594.604314807,4190638.5761616845,120.55375253549695
566594.5146602672,4190638.6452750517,120.54868154158216
566594.4250228916,4190638.71227218,120.54361054766734
566594.3353340268,4190638.7856180253,120.53853955375254
566594.2456451659,4190638.858963873,120.53346855983773
566594.1559734694,4190638.9301934806,120.52839756592292
566594.0663360999,4190638.9971906124,120.52332657200812
566593.9766987319,4190639.064187746,120.5182555780933
566593.8869583891,4190639.1438823133,120.5131845841785
566593.7973725123,4190639.204530732,120.50811359026369
566593.7076321726,4190639.2842253,120.50304259634889
566593.6179261601,4190639.359687394,120.49797160243408
566593.5283574503,4190639.4182195757,120.49290060851926
566593.4386514386,4190639.4936816697,120.48782961460446
566593.3491170568,4190639.5479813768,120.48275862068965
566593.2593595627,4190639.629792191,120.47768762677485
566593.1697393708,4190639.694673093,120.47261663286004
566593.0800333677,4190639.7701351913,120.46754563894524
566592.9903788537,4190639.839248574,120.46247464503043
566592.9008616412,4190639.891432047,120.45740365111561
566592.8110698304,4190639.9774753405,120.45233265720081
566592.7214839708,4190640.0381237725,120.447261663286
566592.6317951379,4190640.111469637,120.4421906693712
566592.5421406315,4190640.180583024,120.43711967545639
566592.4525376137,4190640.243347696,120.43204868154159
566592.362728649,4190640.331507235,120.42697768762677
566592.2732114459,4190640.383690715,120.42190669371197
566592.1835226209,4190640.457036584,120.41683569979716
566592.0938166352,4190640.532498692,120.41176470588235
566592.0042136224,4190640.5952633703,120.40669371196755
566591.9146106133,4190640.6580280466,120.40162271805274
566591.8249046323,4190640.7334901583,120.39655172413794
566591.7352673017,4190640.8004873157,120.39148073022312
566591.6455613239,4190640.8759494303,120.38640973630831
566591.5559583205,4190640.938714111,120.38133874239351
566591.4663209943,4190641.0057112724,120.3762677484787
566591.3767008317,4190641.070592194,120.3711967545639
566591.2870120222,4190641.1439380725,120.36612576064908
566591.1974433487,4190641.2024702798,120.36105476673428
566591.1077717021,4190641.2736999216,120.35598377281947
566591.0181172212,4190641.342813327,120.35091277890467
566590.9285142279,4190641.4055780163,120.34584178498986
566590.838791102,4190641.4831563747,120.34077079107504
566590.7491537877,4190641.5501535437,120.33569979716025
566590.6596194464,4190641.6044532796,120.33062880324543
566590.5700507824,4190641.6629854944,120.32555780933063
566590.4803619866,4190641.7363313823,120.32048681541582
566590.3906388687,4190641.8139097486,120.31541582150102
566590.3010187234,4190641.8787906817,120.3103448275862
566590.2114843865,4190641.9330904232,120.30527383367141
566590.1218814057,4190641.9958551195,120.3002028397566
566590.0321411323,4190642.0755497282,120.29513184584178
566589.942435184,4190642.151011861,120.29006085192698
566589.8528665312,4190642.2095440836,120.28498985801217
566589.7632807179,4190642.270192546,120.27991886409737
566589.6737120677,4190642.3287247694,120.27484787018255
566589.5840232873,4190642.4020706667,120.26977687626774
566589.4943345083,4190642.475416566,120.26470588235294
566589.4047487007,4190642.53606503,120.25963488843813
566589.3150427632,4190642.611527169,120.25456389452333
566589.22547412,4190642.6700593987,120.24949290060852
566589.1359226395,4190642.7264753897,120.24442190669372
566589.0461995451,4190642.8040537713,120.2393509127789
566588.9566137444,4190642.864702241,120.2342799188641
566588.8670451064,4190642.923234475,120.22920892494929
566588.7774078217,4190642.9902316644,120.22413793103448
566588.6877705408,4190643.0572288553,120.21906693711968
566588.5981847455,4190643.117877329,120.21399594320486
566588.5085474674,4190643.1848745206,120.20892494929006
566588.4189616748,4190643.245522998,120.20385395537525
566588.3292900769,4190643.3167526685,120.19878296146045
566588.2396184806,4190643.3879823415,120.19371196754564
566588.1501013372,4190643.440165866,120.18864097363083
566588.0604812277,4190643.505046824,120.18356997971603
566587.9709297643,4190643.561462828,120.17849898580121
566587.881206688,4190643.639041221,120.17342799188641
566587.7915694214,4190643.7060384206,120.1683569979716
566587.7020522845,4190643.758221951,120.1632860040568
566587.612432182,4190643.8231029133,120.15821501014199
566587.5227949197,4190643.8901001154,120.15314401622717
566587.4331576588,4190643.95709732,120.14807302231237
566587.3436062047,4190644.013513331,120.14300202839756
566587.2539861079,4190644.0783942975,120.13793103448276
566587.1644689785,4190644.130577833,120.13286004056795
566587.0747630792,4190644.2060399954,120.12778904665315
566586.9851773062,4190644.266688488,120.12271805273834
566586.8956086977,4190644.3252207423,120.11764705882354
566586.8060572515,4190644.381636758,120.11257606490872
566586.7163685191,4190644.454982687,120.10750507099391
566586.6268685582,4190644.5050499886,120.10243407707911
566586.5371455072,4190644.582628396,120.0973630831643
566586.447611227,4190644.636928177,120.0922920892495
566586.3579739833,4190644.7039253926,120.08722109533468
566586.268405384,4190644.762457655,120.08215010141988
566586.178853947,4190644.8188736774,120.07707910750507
566586.089233868,4190644.883754656,120.07200811359026
566585.9996652728,4190644.9422869203,120.06693711967546
566585.9100966788,4190645.0008191857,120.06186612576064
566585.8204937647,4190645.063583929,120.05679513184585
566585.730890852,4190645.1263486743,120.05172413793103
566585.6412192981,4190645.197578374,120.04665314401623
566585.5517193498,4190645.247645687,120.04158215010142
566585.4621507623,4190645.306177959,120.0365111561866
566585.3725993368,4190645.3625939903,120.0314401622718
566585.2829106281,4190645.4359399327,120.026369168357
566585.1933248842,4190645.4965884443,120.0212981744422
566585.103756302,4190645.5551207187,120.01622718052738
566585.0141362398,4190645.62000171,120.01115618661258
566584.9246019812,4190645.674301507,120.00608519269777
566584.8350505633,4190645.730717544,120.00101419878297
566584.7454133447,4190645.797714777,119.99594320486815
566584.6558790876,4190645.8520145784,119.99087221095334
566584.5662418718,4190645.919011814,119.98580121703854
566584.4767762609,4190645.964846661,119.98073022312373
566584.3871218874,4190646.033960136,119.97565922920893
566584.2975704774,4190646.090376181,119.97058823529412
566584.2080190685,4190646.1467922237,119.96551724137932
566584.1184676609,4190646.203208269,119.9604462474645
566584.0288647737,4190646.265973032,119.95537525354969
566583.9393305287,4190646.3202728406,119.95030425963489
566583.8497276444,4190646.383037607,119.94523326572008
566583.7601590793,4190646.4415698936,119.94016227180528
566583.6706419983,4190646.4937534668,119.93509127789046
566583.5811592387,4190646.5417045625,119.93002028397567
566583.4914705589,4190646.615050525,119.92494929006085
566583.4019534815,4190646.6672341013,119.91987829614604
566583.3124364052,4190646.719417677,119.91480730223124
566583.2229193301,4190646.771601255,119.90973630831643
566583.1332478161,4190646.842830982,119.90466531440163
566583.0437307435,4190646.8950145612,119.89959432048681
566582.954196512,4190646.949314381,119.89452332657201
566582.8645764822,4190647.014195396,119.8894523326572
566582.775110893,4190647.0600302615,119.8843813387424
566582.6855080256,4190647.1227950393,119.87931034482759
566582.5958708398,4190647.1897922955,119.87423935091277
566582.5064567336,4190647.2292784476,119.86916835699797
566582.4168710299,4190647.289926989,119.86409736308316
566582.3273368047,4190647.3442268143,119.85902636916836
566582.237802583,4190647.398526642,119.85395537525355
566582.1482168833,4190647.4591751858,119.84888438133875
566582.0586311849,4190647.5198237314,119.84381338742394
566581.9691999251,4190647.561426128,119.83874239350912
566581.8796485484,4190647.617842198,119.83367139959432
566581.7900456941,4190647.6806069855,119.82860040567951
566581.7005286394,4190647.7327905796,119.82352941176471
566581.6110287453,4190647.7828579345,119.8184584178499
566581.5215288524,4190647.8329252917,119.8133874239351
566581.4319946392,4190647.887225128,119.80831643002028
566581.3423574722,4190647.954222396,119.80324543610547
566581.2528747423,4190648.0021735174,119.79817444219067
566581.163374854,4190648.052240878,119.79310344827586
566581.0738234883,4190648.1086569563,119.78803245436106
566580.9843236023,4190648.1587243197,119.78296146044624
566580.894772239,4190648.2151404005,119.77789046653145
566580.8052895147,4190648.263091527,119.77281947261663
566580.715652357,4190648.3300888026,119.76774847870183
566580.626221113,4190648.371691213,119.76267748478702
566580.5366697524,4190648.4281072984,119.7576064908722
566580.447101236,4190648.486639622,119.7525354969574
566580.3576013579,4190648.536706992,119.7474645030426
566580.2680156847,4190648.5973555557,119.7423935091278
566580.1786359237,4190648.6326092565,119.73732251521298
566580.0890159344,4190648.6974903,119.73225152129817
566579.9994645832,4190648.75390639,119.72718052738337
566579.9099818701,4190648.8018575255,119.72210953346855
566579.8205677947,4190648.8413437074,119.71703853955376
566579.7310164471,4190648.8977598003,119.71196754563894
566579.6414994189,4190648.9499434163,119.70689655172414
566579.5520338691,4190648.9957783157,119.70182555780933
566579.4624996841,4190649.0500781736,119.69675456389453
566579.372879705,4190649.1149592255,119.69168356997972
566579.2834827948,4190649.152329174,119.6866125760649
566579.1939142952,4190649.21086151,119.6815415821501
566579.1044659076,4190649.2545801774,119.67647058823529
566579.0149660463,4190649.304647561,119.67139959432049
566578.9255348218,4190649.3462499925,119.66632860040568
566578.8359491682,4190649.4068985726,119.66125760649088
566578.7465007869,4190649.450617242,119.65618661257606
566578.65700093,4190649.500684631,119.65111561866127
566578.5674495976,4190649.557100735,119.64604462474645
566578.478052696,4190649.5944706923,119.64097363083164
566578.3885871598,4190649.640305607,119.63590263691684
566578.2990015134,4190649.700954191,119.63083164300203
566578.2095359772,4190649.7467891066,119.62576064908723
566578.1199674921,4190649.8053214564,119.62068965517241
566578.0305534364,4190649.844807655,119.6156186612576
566577.9410879056,4190649.8906425745,119.6105476673428
566577.8516052172,4190649.9385937317,119.60547667342799
566577.7620538953,4190649.995009846,119.60040567951319
566577.6725883676,4190650.0408447655,119.59533468559837
566577.5831571582,4190650.0824472117,119.59026369168357
566577.4936744741,4190650.130398372,119.58519269776876
566577.4041403153,4190650.1846982515,119.58012170385396
566577.3146404724,4190650.2347656554,119.57505070993915
566577.22517495,4190650.2806005795,119.56997971602433
566577.135795221,4190650.315854313,119.56490872210954
566577.046278225,4190650.368037957,119.55983772819472
566576.9567612304,4190650.420221602,119.55476673427992
566576.8674158208,4190650.451242859,119.54969574036511
566576.777933145,4190650.499194029,119.54462474645031
566576.6884333118,4190650.549261438,119.5395537525355
566576.5989677963,4190650.5950963707,119.53448275862068
566576.5094679652,4190650.645163782,119.52941176470588
566576.4200539268,4190650.684650001,119.52434077079107
566576.3305712561,4190650.7326011756,119.51926977687627
566576.24105427,4190650.7847848265,119.51419878296146
566576.1515716015,4190650.8327360046,119.50912778904666
566576.0621575669,4190650.872222224,119.50405679513185
566575.9727092166,4190650.9159409264,119.49898580121703
566575.8832951816,4190650.95542715,119.49391480730223
566575.7938296752,4190651.0012620916,119.48884381338742
566575.7042955374,4190651.055561988,119.48377281947262
566575.6150187722,4190651.078118304,119.4787018255578
566575.5254846364,4190651.1324182027,119.473630831643
566575.436036292,4190651.1761369095,119.4685598377282
566575.3465707906,4190651.221971856,119.4634888438134
566575.2571224482,4190651.265690564,119.45841784989858
566575.1678113706,4190651.292479363,119.45334685598377
566575.0782429243,4190651.351011745,119.44827586206897
566574.9888632142,4190651.3862655004,119.44320486815415
566574.8993977177,4190651.432100451,119.43813387423936
566574.8099150643,4190651.4800516423,119.43306288032454
566574.7204838854,4190651.5216541165,119.42799188640974
566574.631104181,4190651.5569078773,119.42292089249493
566574.541673004,4190651.5985103534,119.41784989858012
566574.4522246702,4190651.642229071,119.41277890466532
566574.3627248639,4190651.692296505,119.4077079107505
566574.2734137941,4190651.719085314,119.4026369168357
566574.1839139898,4190651.7691527503,119.39756592292089
566574.094551446,4190651.8022902766,119.39249492900609
566574.0050859591,4190651.8481252375,119.38742393509128
566573.9156891039,4190651.8854952427,119.38235294117646
566573.8262750917,4190651.924981489,119.37728194726166
566573.7368610806,4190651.9644677355,119.37221095334685
566573.6474299127,4190652.0060702236,119.36713995943205
566573.557947273,4190652.0540214274,119.36206896551724
566573.468670525,4190652.0765777673,119.35699797160244
566573.379119257,4190652.132993928,119.35192697768763
566573.2898081953,4190652.1597827473,119.34685598377283
566573.2003598744,4190652.203501478,119.34178498985801
566573.1108600821,4190652.2535689245,119.3367139959432
566573.021600495,4190652.2740090312,119.3316430020284
566572.9320492323,4190652.330425196,119.32657200811359
566572.8427724891,4190652.3529815422,119.32150101419879
566572.7533928022,4190652.388235322,119.31643002028397
566572.6638758552,4190652.440419014,119.31135902636917
566572.5745304846,4190652.471440319,119.30628803245436
566572.4851508002,4190652.5066941017,119.30121703853955
566572.395736802,4190652.546180363,119.29614604462475
566572.3062884902,4190652.589899102,119.29107505070994
566572.21696028,4190652.6188041717,119.28600405679514
566572.1275805988,4190652.654057958,119.28093306288032
566572.038166604,4190652.6935442244,119.27586206896552
566571.9488212387,4190652.724565535,119.27079107505071
566571.8593214599,4190652.774632996,119.2657200811359
566571.7700275653,4190652.7993055927,119.2606490872211
566571.6806135739,4190652.8387918617,119.25557809330628
566571.5913025257,4190652.8655806994,119.25050709939148
566571.50192285,4190652.900834493,119.24543610547667
566571.4124402329,4190652.94878572,119.24036511156187
566571.3230090879,4190652.9903882314,119.23529411764706
566571.2336808856,4190653.019293311,119.23022312373226
566571.1443355271,4190653.050314632,119.22515212981745
566571.0549558555,4190653.0855684304,119.22008113590263
566570.9655761844,4190653.1208222285,119.21501014198783
566570.8761621984,4190653.1603085077,119.20993914807302
566570.7867996859,4190653.193446069,119.20486815415822
566570.6975058015,4190653.218118678,119.1997971602434
566570.6081432904,4190653.251256243,119.1947261663286
566570.5187636233,4190653.2865100466,119.1896551724138
566570.429452584,4190653.3132988946,119.18458417849898
566570.3400386049,4190653.352785179,119.17951318458418
566570.2506760968,4190653.3859227477,119.17444219066937
566570.1613307461,4190653.416944079,119.16937119675457
566570.0719167695,4190653.456430365,119.16430020283975
566569.982588577,4190653.4853354585,119.15922920892496
566569.8931574452,4190653.526937986,119.15415821501014
566569.8038978806,4190653.547378126,119.14908722109533
566569.7145525335,4190653.5783994608,119.14401622718053
566569.6251900306,4190653.611537035,119.13894523326572
566569.535947624,4190653.629860941,119.13387423935092
566569.44658512,4190653.662998517,119.1288032454361
566569.3571539931,4190653.70460105,119.1237322515213
566569.2678772754,4190653.727157434,119.11866125760649
566569.1784461502,4190653.7687599696,119.11359026369169
566569.0891351207,4190653.795548835,119.10851926977688
566568.9997726227,4190653.828686417,119.10344827586206
566568.910478751,4190653.8533590436,119.09837728194726
566568.8211334108,4190653.8843803876,119.09330628803245
566568.7318395402,4190653.909053017,119.08823529411765
566568.6424942012,4190653.9400743633,119.08316430020284
566568.553097392,4190653.977444428,119.07809330628803
566568.4638206795,4190654.000000821,119.07302231237323
566568.3744581863,4190654.0331384097,119.06795131845841
566568.2851814751,4190654.055694806,119.06288032454361
566568.1958532957,4190654.0845999173,119.0578093306288
566568.1065422732,4190654.111388793,119.052738336714
566568.0172140951,4190654.1402939083,119.04766734279919
566567.9279030737,4190654.1670827847,119.04259634888439
566567.8386435213,4190654.187522946,119.03752535496957
566567.7491780964,4190654.233357975,119.03245436105476
566567.659935699,4190654.2516818983,119.02738336713996
566567.5706246801,4190654.27847078,119.02231237322515
566567.4813136618,4190654.3052596617,119.01724137931035
566567.3920541122,4190654.325699827,119.01217038539554
566567.3027087831,4190654.3567211884,119.00709939148074
566567.2134149226,4190654.381393835,119.00202839756592
566567.1240524389,4190654.4145314363,118.99695740365111
566567.0348100471,4190654.4328553677,118.99188640973631
566566.9455505001,4190654.45329554,118.9868154158215
566566.8562051742,4190654.4843169046,118.9817444219067
566566.7669456281,4190654.504757078,118.97667342799188
566566.6775831477,4190654.537894686,118.97160243407708
566566.5883064469,4190654.560451099,118.96653144016227
566566.4990469024,4190654.580891274,118.96146044624746
566566.409735891,4190654.607680168,118.95638945233266
566566.3204248805,4190654.634469062,118.95131845841784
566566.2310624011,4190654.667606674,118.94624746450305
566566.1418028587,4190654.688046853,118.94117647058823
566566.0525604724,4190654.7063707956,118.93610547667343
566565.9633009309,4190654.7268109764,118.93103448275862
566565.8740413899,4190654.7472511604,118.92596348884382
566565.7846617603,4190654.782505014,118.920892494929
566565.6954879982,4190654.792364005,118.9158215010142
566565.6061083698,4190654.8276178637,118.9107505070994
566565.5170032305,4190654.8290118994,118.90567951318458
566565.4275721369,4190654.870614474,118.90060851926978
566565.3383469076,4190654.886822186,118.89553752535497
566565.2491045254,4190654.905146138,118.89046653144017
566565.1598621437,4190654.923470088,118.88539553752535
566565.0705682962,4190654.9481427567,118.88032454361054
566564.9813259153,4190654.9664667104,118.87525354969574
566564.8920320689,4190654.9911393826,118.87018255578093
566564.8027725336,4190655.011579575,118.86511156186613
566564.713461533,4190655.038368488,118.86004056795132
566564.6242877751,4190655.04822749,118.85496957403652
566564.5349596202,4190655.077132642,118.8498985801217
566564.4456829294,4190655.099689079,118.84482758620689
566564.3565263278,4190655.107431845,118.83975659229209
566564.2672839505,4190655.1257558055,118.83468559837728
566564.1780415735,4190655.144079768,118.82961460446248
566564.0887305764,4190655.1708686873,118.82454361054766
566563.9994710453,4190655.19130889,118.81947261663286
566563.9102115147,4190655.2117490936,118.81440162271805
566563.8210034497,4190655.225840582,118.80933062880325
566563.731795385,4190655.239932071,118.80425963488844
566563.6425015456,4190655.264604755,118.79918864097363
566563.5533621018,4190655.270231292,118.79411764705883
566563.4641197282,4190655.2885552617,118.78904665314401
566563.3749116649,4190655.302646755,118.78397565922921
566563.2856521371,4190655.3230869663,118.7789046653144
566563.1963411451,4190655.349875894,118.7738336713996
566563.1072188552,4190655.353386197,118.76876267748479
566563.0179421739,4190655.375942649,118.76369168356997
566562.9286998027,4190655.394266625,118.75862068965517
566562.8394402772,4190655.4147068406,118.75354969574036
566562.7501807521,4190655.4351470554,118.74847870182556
566562.66110993,4190655.432308648,118.74340770791075
566562.5718504057,4190655.452748865,118.73833671399595
566562.4826595006,4190655.4647241295,118.73326572008114
566562.3933142035,4190655.4957455425,118.72819472616632
566562.3041061446,4190655.509837048,118.72312373225152
566562.2149495499,4190655.5175798377,118.71805273833671
566562.1257757986,4190655.5274388664,118.71298174442191
566562.036499122,4190655.549995329,118.7079107505071
566561.9472567552,4190655.5683193156,118.7028397565923
566561.8581516254,4190655.5697133937,118.69776876267748
566561.7688921046,4190655.59015362,118.69269776876268
566561.6797183569,4190655.600012655,118.68762677484787
566561.5905274551,4190655.6119879284,118.68255578093306
566561.5013022445,4190655.6281956797,118.67748478701826
566561.4120941886,4190655.642287195,118.67241379310344
566561.3229204421,4190655.652146233,118.66734279918865
566561.2336952302,4190655.668353988,118.66227180527383
566561.144555793,4190655.6739805494,118.65720081135903
566561.0552962753,4190655.6944207856,118.65212981744422
566560.9661396842,4190655.7021635883,118.6470588235294
566560.8769316303,4190655.716255108,118.6419878296146
566560.7877921938,4190655.721881674,118.6369168356998
566560.6986012948,4190655.7338569574,118.631845841785
566560.6094447045,4190655.7415997647,118.62677484787018
566560.52027096,4190655.751458812,118.62170385395538
566560.4310285992,4190655.769782814,118.61663286004057
566560.3418891637,4190655.7754093856,118.61156186612575
566560.2526811118,4190655.7895009127,118.60649087221095
566560.1634559061,4190655.8057086784,118.60141987829614
566560.0743679337,4190655.804986536,118.59634888438134
566559.9851770367,4190655.8169618263,118.59127789046653
566559.8960032918,4190655.8268208816,118.58620689655173
566559.8068467034,4190655.834563696,118.58113590263692
566559.7177587313,4190655.8338415576,118.57606490872212
566559.6284992193,4190655.8542818073,118.5709939148073
566559.5394284014,4190655.851443432,118.56592292089249
566559.4502031979,4190655.867651207,118.56085192697769
566559.3610466105,4190655.875394026,118.55578093306288
566559.2718900234,4190655.883136847,118.55070993914808
566559.1826819747,4190655.8972283863,118.54563894523326
566559.093645465,4190655.8901575385,118.54056795131847
566559.0044374145,4190655.9042490777,118.53549695740365
566558.9152636742,4190655.914108143,118.53042596348884
566558.8260727803,4190655.926083447,118.52535496957404
566558.7370362707,4190655.919012601,118.52028397565923
566558.6479311459,4190655.9204067145,118.51521298174443
566558.5588088675,4190655.9239170654,118.51014198782961
566558.4695150522,4190655.9485898046,118.50507099391481
566558.3804956962,4190655.939402726,118.5
566558.2913219573,4190655.9492617985,118.49492900608519
566558.2022339866,4190655.948539675,118.48985801217039
566558.1130259407,4190655.962631224,118.48478701825557
566558.0238693537,4190655.970374059,118.47971602434077
566557.9347299227,4190655.9760006573,118.47464503042596
566557.8456762594,4190655.9710460613,118.46957403651116
566557.7566054426,4190655.9682077034,118.46450304259635
566557.6674488584,4190655.9759505433,118.45943204868155
566557.5782408138,4190655.990042099,118.45436105476674
566557.4890842299,4190655.99778494,118.44929006085192
566557.4000991805,4190655.9843653934,118.44421906693712
566557.3108911365,4190655.9984569536,118.43914807302231
566557.22182032,4190655.995618601,118.43407707910751
566557.13268089,4190656.001245207,118.4290060851927
566557.0435243067,4190656.008988053,118.42393509127788
566556.9543334171,4190656.020963378,118.41886409736308
566556.8653655205,4190656.0054275976,118.41379310344827
566556.7762089376,4190656.0131704463,118.40872210953347
566556.6872410383,4190655.997634668,118.40365111561866
566556.598032996,4190656.0117262355,118.39858012170386
566556.5089793326,4190656.0067716544,118.39350912778905
566556.4198399034,4190656.0123982667,118.38843813387425
566556.3306490149,4190656.024373598,118.38336713995943
566556.2415781985,4190656.021535259,118.37829614604462
566556.1524902289,4190656.020813159,118.37322515212982
566556.0634365656,4190656.0158585813,118.368154158215
566555.974365749,4190656.013020245,118.3630831643002
566555.8852263204,4190656.0186468647,118.3580121703854
566555.7961211955,4190656.0200410057,118.3529411764706
566555.7070503791,4190656.0172026735,118.34787018255578
566555.6179967155,4190656.0122481002,118.34279918864097
566555.5288744401,4190656.0157584865,118.33772819472617
566555.4397864705,4190656.0150363934,118.33265720081135
566555.3507328068,4190656.0100818234,118.32758620689656
566555.2616619902,4190656.0072434945,118.32251521298174
566555.1725740207,4190656.0065214057,118.31744421906694
566555.0834517454,4190656.0100317937,118.31237322515213
566554.9943809288,4190656.0071934676,118.30730223123732
566554.9053272648,4190656.0022389046,118.30223123732252
566554.816239293,4190656.0015168195,118.2971602434077
566554.7272542398,4190655.9880973008,118.2920892494929
566554.6381491176,4190655.989491455,118.28701825557809
566554.549164064,4190655.976071941,118.28194726166329
566554.4600589415,4190655.977466098,118.27687626774848
566554.3710395824,4190655.968279063,118.27180527383368
566554.2818315441,4190655.9823706537,118.26673427991886
566554.1928807952,4190655.964718666,118.26166328600405
566554.1037413677,4190655.9703453025,118.25659229208925
566554.014653398,4190655.9696232267,118.25152129817444
566553.9256168858,4190655.962552435,118.24645030425964
566553.8366832884,4190655.9427842097,118.24137931034483
566553.7475438609,4190655.948410853,118.23630831643003
566553.6585073484,4190655.9413400632,118.23123732251521
566553.5695051405,4190655.930036797,118.2261663286004
566553.4803828633,4190655.9335472034,118.2210953346856
566553.3913806551,4190655.922243939,118.21602434077079
566553.3023098373,4190655.919405632,118.21095334685599
566553.2133076289,4190655.9081023703,118.20588235294117
566553.1242368108,4190655.905264063,118.20081135902637
566553.0353032112,4190655.885495848,118.19574036511156
566552.9461637838,4190655.8911225004,118.19066937119675
566552.8571272701,4190655.8840517197,118.18559837728195
566552.7681250607,4190655.8727484625,118.18052738336714
566552.6791056988,4190655.863561445,118.17545638945234
566552.5901034869,4190655.852258189,118.17038539553752
566552.5010326682,4190655.84941989,118.16531440162272
566552.4119961536,4190655.8423491144,118.16024340770791
566552.3229424871,4190655.8373945784,118.15517241379311
566552.2340088849,4190655.8176263706,118.1501014198783
566552.1449552178,4190655.8126718393,118.14503042596348
566552.0559187029,4190655.8056010655,118.13995943204868
566551.9668650356,4190655.8006465333,118.13488843813387
566551.8778456723,4190655.791459524,118.12981744421907
566551.7889120687,4190655.7716913233,118.12474645030426
566551.6998927026,4190655.7625043164,118.11967545638946
566551.6108561867,4190655.7554335482,118.11460446247465
566551.5218882784,4190655.7398978276,118.10953346855983
566551.4328003065,4190655.7391757783,118.10446247464503
566551.3438495494,4190655.721523821,118.09939148073022
566551.2548130329,4190655.714453057,118.09432048681542
566551.1657593644,4190655.7094985344,118.0892494929006
566551.0768429101,4190655.687614101,118.0841784989858
566550.9877892412,4190655.68265958,118.079107505071
566550.8988213311,4190655.6671238653,118.07403651115618
566550.8098705723,4190655.6494719135,118.06896551724138
566550.720748296,4190655.65298235,118.06389452332657
566550.6318661434,4190655.626865444,118.05882352941177
566550.5427953221,4190655.624027167,118.05375253549695
566550.4538617138,4190655.6042589797,118.04868154158216
566550.364842347,4190655.595071987,118.04361054766734
566550.2759087357,4190655.575303801,118.03853955375254
566550.18690652,4190655.5640005716,118.03346855983773
566550.0979386072,4190655.5484648664,118.02839756592292
566550.008936391,4190655.537161641,118.02332657200812
566549.9198998716,4190655.5300908904,118.0182555780933
566549.830897655,4190655.518787666,118.0131845841785
566549.741964044,4190655.4990194854,118.00811359026369
566549.6530132811,4190655.4813675466,118.00304259634889
566549.5640968208,4190655.45948313,117.99797160243408
566549.475008846,4190655.458761102,117.99290060851926
566549.3861438368,4190655.430527971,117.98782961460446
566549.2971416186,4190655.4192247526,117.98275862068965
566549.2082766105,4190655.3909916226,117.97768762677485
566549.1192743916,4190655.3796884054,117.97261663286004
566549.0302550212,4190655.370501429,117.96754563894524
566548.9412871043,4190655.3549657348,117.96247464503043
566548.8522162798,4190655.3521274757,117.95740365111561
566548.763385572,4190655.319661875,117.95233265720081
566548.6744176542,4190655.3041261835,117.947261663286
566548.5854154336,4190655.292822972,117.9421906693712
566548.4964646641,4190655.275171046,117.93711967545639
566548.4075310475,4190655.25540288,117.93204868154159
566548.3186317327,4190655.2314022393,117.92697768762677
566548.2295952089,4190655.2243315093,117.92190669371197
566548.1406272892,4190655.208795824,117.91683569979716
566548.051745124,4190655.1826789463,117.91176470588235
566547.9627429015,4190655.1713757417,117.90669371196755
566547.8738607356,4190655.145258866,117.90162271805274
566547.7849271162,4190655.1254907087,117.89655172413794
566547.6959420438,4190655.112071267,117.89148073022312
566547.6070427254,4190655.0880706324,117.88640973630831
566547.5180061996,4190655.08099991,117.88133874239351
566547.4291583331,4190655.050650563,117.8762677484787
566547.3402247117,4190655.0308824093,117.8711967545639
566547.2512910899,4190655.011114256,117.86612576064908
566547.1623060155,4190654.9976948225,117.86105476673428
566547.0734581446,4190654.9673454775,117.85598377281947
566546.9844730693,4190654.9539260445,117.85091277890467
566546.8955222951,4190654.9362741355,117.84584178498986
566546.8065543701,4190654.9207384647,117.84077079107504
566546.7177579512,4190654.884040409,117.83569979716025
566546.6287900253,4190654.8685047403,117.83062880324543
566546.5398907014,4190654.8445041184,117.82555780933063
566546.4509742265,4190654.822619736,117.82048681541582
566546.3620749017,4190654.7986191153,117.81541582150102
566546.2730898237,4190654.7851996915,117.8103448275862
566546.1843105494,4190654.7463854016,117.80527383367141
566546.0952911695,4190654.7371984543,117.8002028397566
566546.0062889399,4190654.725895272,117.79513184584178
566545.9174753651,4190654.6913134633,117.79006085192698
566545.8285760374,4190654.6673128493,117.78498985801217
566545.7397110101,4190654.639079758,117.77991886409737
566545.6507602301,4190654.6214278615,117.77484787018255
566545.5618266003,4190654.6016597277,117.76977687626774
566545.4729615714,4190654.573426639,117.76470588235294
566545.3840793915,4190654.5473097907,117.75963488843813
566545.295145758,4190654.5275416607,117.75456389452333
566545.2062635772,4190654.501424814,117.74949290060852
566545.1173813958,4190654.4753079675,117.74442190669372
566545.0284477631,4190654.45553984,117.7393509127789
566544.9396856321,4190654.414609325,117.7342799188641
566544.8506662475,4190654.405422393,117.72920892494929
566544.7617669138,4190654.38142179,117.72413793103448
566544.6728504295,4190654.3595374296,117.71906693711968
566544.5840025452,4190654.3291881103,117.71399594320486
566544.4950860599,4190654.307303749,117.70892494929006
566544.4062553245,4190654.2748381947,117.70385395537525
566544.3173388381,4190654.252953836,117.69878296146045
566544.2285081014,4190654.220488285,117.69371196754564
566544.1395916141,4190654.1986039267,117.68864097363084
566544.0507437262,4190654.1682546153,117.68356997971603
566543.9619301376,4190654.1336728274,117.67849898580121
566543.8729793464,4190654.116020952,117.67342799188641
566543.784080007,4190654.092020359,117.6683569979716
566543.6951463673,4190654.0722522475,117.6632860040568
566543.6063327761,4190654.037670463,117.65821501014199
566543.517450585,4190654.011553634,117.65314401622717
566543.4285855431,4190653.9833205687,117.64807302231237
566543.3397376504,4190653.9529712657,117.64300202839756
566543.2507354091,4190653.9416681114,117.63793103448276
566543.1620075635,4190653.896505139,117.63286004056795
566543.0731425192,4190653.8682720764,117.62778904665315
566542.9842088732,4190653.848503971,117.62271805273834
566542.8953438278,4190653.8202709113,117.61764705882354
566542.8065645301,4190653.781456659,117.61257606490872
566542.7177680819,4190653.744758645,117.60750507099391
566542.6288344361,4190653.724990544,117.60243407707911
566542.539935089,4190653.700989966,117.5973630831643
566542.4511043397,4190653.6685244325,117.5922920892495
566542.3622907392,4190653.6339426627,117.58722109533468
566542.2734599884,4190653.6014771317,117.58215010141988
566542.1846120876,4190653.5711278417,117.57707910750507
566542.0957984827,4190653.536546073,117.57200811359027
566542.0068991322,4190653.512545502,117.56693711967546
566541.9180683787,4190653.4800799754,117.56186612576064
566541.8292033259,4190653.4518469265,117.55679513184585
566541.7403382724,4190653.4236138794,117.55172413793103
566541.6513703223,4190653.4080782654,117.54665314401623
566541.5626767611,4190653.3586828317,117.54158215010142
566541.4738288551,4190653.328333551,117.5365111561866
566541.3849980977,4190653.2958680294,117.5314401622718
566541.2961158919,4190653.2697512237,117.526369168357
566541.2072851332,4190653.2372857057,117.5212981744422
566541.1184886723,4190653.200587711,117.51622718052738
566541.0296750613,4190653.166005955,117.51115618661258
566540.9408100023,4190653.137772916,117.50608519269777
566540.8519277934,4190653.111656118,117.50101419878297
566540.7631484787,4190653.072841886,117.49594320486815
566540.6743348627,4190653.0382601344,117.49087221095334
566540.585452652,4190653.0121433404,117.48580121703854
566540.4965875897,4190652.983910307,117.48073022312373
566540.4078768682,4190652.9366311254,117.47565922920893
566540.3190632515,4190652.9020493766,117.47058823529412
566540.2301810383,4190652.875932586,117.4655172413793
566540.1413845692,4190652.8392345994,117.4604462474645
566540.0525538016,4190652.8067690935,117.45537525354969
566539.9637058843,4190652.7764198272,117.45030425963489
566539.874926562,4190652.7376056067,117.44523326572008
566539.7861472365,4190652.6987913875,117.44016227180528
566539.6972821683,4190652.670558362,117.43509127789046
566539.6084342482,4190652.6402090993,117.43002028397567
566539.5196720717,4190652.5992786437,117.42494929006085
566539.430772704,4190652.5752781,117.41987829614604
566539.342061972,4190652.5279989284,117.41480730223124
566539.2531454543,4190652.506114626,117.40973630831643
566539.1643832745,4190652.4651841745,117.40466531440163
566539.0756039452,4190652.4263699623,117.39959432048681
566538.9868589123,4190652.383323275,117.39452332657201
566538.898079579,4190652.3445090647,117.3894523326572
566538.8091287611,4190652.3268572437,117.3843813387424
566538.7203837257,4190652.2838105573,117.37931034482759
566538.6316386895,4190652.2407638733,117.37423935091277
566538.5428250582,4190652.206182144,117.36916835699797
566538.4539771292,4190652.1758328946,117.36409736308316
566538.3651634965,4190652.1412511677,117.35902636916836
566538.2763327146,4190652.108785681,117.35395537525355
566538.1876391196,4190652.059390285,117.34888438133873
566538.0988254845,4190652.0248085624,117.34381338742394
566538.0100804423,4190651.981761885,117.33874239350912
566537.9211982122,4190651.9556451174,117.33367139959432
566537.8323502783,4190651.925295874,117.32860040567951
566537.7436395304,4190651.878016722,117.32352941176471
566537.6548087433,4190651.8455512417,117.3184584178499
566537.5660636969,4190651.802504569,117.3133874239351
566537.4772843509,4190651.7636903743,117.30831643002028
566537.388487858,4190651.7269924213,117.30324543610547
566537.2997085126,4190651.688178228,117.29817444219067
566537.2109634627,4190651.6451315577,117.29310344827586
566537.1222012638,4190651.60420113,117.28803245436106
566537.0334047677,4190651.5675031785,117.28296146044624
566536.944625419,4190651.5286889905,117.27789046653145
566536.8558460694,4190651.4898748025,117.27281947261663
566536.7670324228,4190651.4552930933,117.26774847870183
566536.6782187755,4190651.4207113856,117.26267748478702
566536.5894737174,4190651.377664723,117.2576064908722
566536.5007629566,4190651.330385586,117.2525354969574
566536.4119493068,4190651.29580388,117.2474645030426
566536.3231356564,4190651.261222176,117.2423935091278
566536.2343563011,4190651.2224079953,117.23732251521298
566536.1456112408,4190651.1793613373,117.23225152129817
566536.0568490317,4190651.138430922,117.22718052738337
566535.9681211174,4190651.093268026,117.22210953346855
566535.8793760545,4190651.0502213715,117.21703853955376
566535.7904938079,4190651.0241046282,117.21196754563894
566535.7016972975,4190650.987406692,117.20689655172414
566535.6130379708,4190650.933778847,117.20182555780933
566535.5242586088,4190650.894964674,117.19675456389453
566535.4354963937,4190650.8540342627,117.19168356997972
566535.3467170299,4190650.815220092,117.1866125760649
566535.2579891107,4190650.770057207,117.1815415821501
566535.1691754477,4190650.735475514,117.17647058823529
566535.0804475243,4190650.6903126305,117.17139959432049
566534.9917367477,4190650.6430335087,117.16632860040568
566534.9029230843,4190650.60845182,117.16125760649088
566534.8141780107,4190650.565405177,117.15618661257606
566534.7254329361,4190650.5223585353,117.15111561866127
566534.6367564506,4190650.47084694,117.14604462474645
566534.5479084891,4190650.4404977327,117.14097363083164
566534.4591977068,4190650.393218618,117.13590263691684
566534.3705040709,4190650.343823263,117.13083164300203
566534.2817075471,4190650.307125342,117.12576064908723
566534.19287673,4190650.2746599,117.12068965517241
566534.1041487964,4190650.229497025,117.1156186612576
566534.0153351252,4190650.1949153463,117.1105476673428
566533.9266243372,4190650.147636237,117.10547667342799
566533.8379821375,4190650.0918921726,117.10040567951319
566533.7492199055,4190650.050961781,117.09533468559837
566533.6604748198,4190650.00791515,117.09026369168357
566533.5715925554,4190649.9817984304,117.08519269776876
566533.482984646,4190649.9218218937,117.08012170385396
566533.3942567026,4190649.8766590278,117.07505070993915
566533.3054430246,4190649.8420773568,117.06997971602433
566533.2166807874,4190649.80114697,117.06490872210954
566533.1279528436,4190649.755984107,117.05983772819472
566533.039259193,4190649.7065887675,117.05476673427992
566532.9505483942,4190649.6593096685,117.04969574036511
566532.8618547416,4190649.609914331,117.04462474645031
566532.7729553233,4190649.58591386,117.0395537525355
566532.6842788159,4190649.534402285,117.0344827586207
566532.5955508662,4190649.4892394287,117.02941176470588
566532.5068057665,4190649.4461928112,117.02434077079107
566532.4181464028,4190649.3925650017,117.01926977687627
566532.3293155688,4190649.360099579,117.01419878296146
566532.2406733499,4190649.3043555333,117.00912778904666
566532.1518939548,4190649.2655413975,117.00405679513185
566532.0631660018,4190649.2203785456,116.99898580121703
566531.9744723368,4190649.1709832186,116.99391480730223
566531.8856757923,4190649.134285323,116.98884381338742
566531.7969478342,4190649.089122475,116.98377281947262
566531.7082027283,4190649.046075866,116.9787018255578
566531.6195433552,4190648.9924480645,116.973630831643
566531.5308325407,4190648.9451689813,116.9685598377282
566531.4419845517,4190648.9148198077,116.9634888438134
566531.3533423222,4190648.8590757716,116.95841784989858
566531.2646315049,4190648.81179669,116.95334685598377
566531.1759035399,4190648.7666338496,116.94827586206897
566531.0871584251,4190648.7235872475,116.94320486815415
566530.9983447253,4190648.6890056008,116.93813387423936
566530.9097710766,4190648.624796614,116.93306288032454
566530.8210431078,4190648.579633778,116.92799188640974
566530.7322979914,4190648.5365871787,116.92292089249493
566530.6435357276,4190648.495656821,116.91784989858013
566530.5547563165,4190648.456842703,116.91277890466532
566530.4661655154,4190648.394749959,116.9077079107505
566530.3773518095,4190648.36016832,116.9026369168357
566530.2886409814,4190648.312889249,116.89756592292089
566530.199981589,4190648.2592614633,116.89249492900609
566530.1112364661,4190648.216214874,116.88742393509128
566530.0225256347,4190648.1689358056,116.88235294117646
566529.9337462173,4190648.1301216944,116.87728194726166
566529.8450696766,4190648.078610151,116.87221095334685
566529.7563245499,4190648.035563563,116.86713995943205
566529.6676308609,4190647.986168261,116.86206896551724
566529.5789200248,4190647.9388891994,116.85699797160244
566529.4902434798,4190647.8873776603,116.85192697768763
566529.4015497877,4190647.837982361,116.84685598377283
566529.3127532154,4190647.8012844943,116.84178498985801
566529.2240766675,4190647.7497729585,116.8367139959432
566529.1353658262,4190647.702493901,116.8316430020284
566529.0466892761,4190647.6509823673,116.82657200811359
566528.9578927024,4190647.6142845033,116.82150101419879
566528.8691304224,4190647.573354166,116.81643002028397
566528.780505305,4190647.515493918,116.81135902636916
566528.6917773128,4190647.470331104,116.80628803245436
566528.6031007573,4190647.4188195737,116.80121703853955
566528.514389909,4190647.371540524,116.79614604462475
566528.4255933302,4190647.3348426674,116.79107505070994
566528.3369339176,4190647.2812149045,116.78600405679514
566528.2483087955,4190647.2233546614,116.78093306288032
566528.1595636514,4190647.1803080924,116.77586206896552
566528.0708185064,4190647.1372615234,116.77079107505071
566527.982107652,4190647.089982478,116.7657200811359
566527.8935168148,4190647.0278897635,116.7606490872211
566527.8047888125,4190646.9827269586,116.75557809330628
566527.7159922264,4190646.946029111,116.75050709939148
566527.6272470766,4190646.9029825456,116.74543610547667
566527.5385533628,4190646.8535872675,116.74036511156187
566527.4499453764,4190646.793610797,116.73529411764706
566527.3611487866,4190646.7569129504,116.73022312373226
566527.2724722154,4190646.7054014364,116.72515212981745
566527.1837270607,4190646.6623548777,116.72008113590263
566527.095101924,4190646.6044946495,116.71501014198783
566527.0063910561,4190646.5572156156,116.70993914807302
566526.9176973351,4190646.5078203436,116.70486815415822
566526.8289864674,4190646.460541311,116.6997971602434
566526.7402755988,4190646.413262279,116.69472616632859
566526.6515475838,4190646.3680994865,116.6896551724138
566526.5628195676,4190646.3229366965,116.68458417849898
566526.4741258414,4190646.2735414295,116.67951318458418
566526.3854321141,4190646.224146163,116.67444219066937
566526.2966869497,4190646.181099615,116.66937119675457
566526.2079932204,4190646.1317043495,116.66430020283975
566526.1192823425,4190646.084425326,116.65922920892496
566526.0306743374,4190646.0244488697,116.65415821501014
566525.9418434429,4190645.9919835185,116.64908722109533
566525.8531154189,4190645.9468207355,116.64401622718053
566525.7645245556,4190645.8847280443,116.63894523326572
566525.6757450963,4190645.8459139797,116.63387423935092
566525.5870685027,4190645.7944024834,116.6288032454361
566525.4983747649,4190645.7450072262,116.6237322515213
566525.4096124457,4190645.7040769258,116.61866125760649
566525.3210215766,4190645.6419842388,116.61359026369169
566525.2323106907,4190645.5947052236,116.60851926977688
566525.1436512389,4190645.541077493,116.60344827586206
566525.0548889157,4190645.500147197,116.59837728194726
566524.9662294617,4190645.4465194694,116.59330628803245
566524.8775014267,4190645.401356696,116.58823529411765
566524.7888762604,4190645.343496494,116.58316430020284
566524.7000453515,4190645.311031156,116.57809330628803
566524.611420183,4190645.253170954,116.57302231237323
566524.5227092889,4190645.2058919473,116.56795131845841
566524.4340155385,4190645.156496702,116.56288032454361
566524.345236063,4190645.117682654,116.5578093306288
566524.2565937452,4190645.0619386933,116.552738336714
566524.167797123,4190645.025240883,116.54766734279919
566524.0792062373,4190644.963148211,116.54259634888439
566523.9904610475,4190644.9201016864,116.53752535496957
566523.9017844358,4190644.86859021,116.53245436105476
566523.8130392418,4190644.8255436886,116.52738336713996
566523.7242426152,4190644.7888458828,116.52231237322515
566523.6357031576,4190644.7204044987,116.51724137931035
566523.546906529,4190644.683706695,116.51217038539554
566523.4582642012,4190644.627962746,116.50709939148074
566523.3695361493,4190644.58279999,116.50202839756592
566523.2808423855,4190644.5334047577,116.49695740365112
566523.192097187,4190644.4903582428,116.49188640973631
566523.1034548547,4190644.4346142975,116.4868154158215
566523.0147096543,4190644.391567784,116.4817444219067
566522.9259644507,4190644.3485212727,116.47667342799188
566522.8372878262,4190644.297009807,116.47160243407708
566522.7486112006,4190644.245498341,116.46653144016227
566522.6599345739,4190644.1939868783,116.46146044624746
566522.5711379354,4190644.1572890864,116.45638945233266
566522.482512742,4190644.099428908,116.45131845841784
566522.3937332439,4190644.060614879,116.44624746450305
566522.305056613,4190644.009103419,116.44117647058823
566522.2163971254,4190643.9554757206,116.43610547667343
566522.1276862038,4190643.9081967403,116.43103448275862
566522.0389067042,4190643.8693827153,116.42596348884382
566521.9502986459,4190643.8094063047,116.420892494929
566521.8614848561,4190643.7748247585,116.4158215010142
566521.7728939397,4190643.712732111,116.4107505070994
566521.6840972923,4190643.6760343295,116.40567951318458
566521.5953520763,4190643.632987832,116.40060851926978
566521.5066582896,4190643.5835926197,116.39553752535497
566521.417930216,4190643.5384298856,116.39046653144017
566521.3293050056,4190643.4805697193,116.38539553752535
566521.2405769299,4190643.4354069866,116.38032454361056
566521.1518488531,4190643.3902442553,116.37525354969574
566521.0631036315,4190643.3471977646,116.37018255578093
566520.9743412649,4190643.306267514,116.36511156186613
566520.8857503369,4190643.244174875,116.36004056795132
566520.7970051123,4190643.201128386,116.35496957403652
566520.708208455,4190643.164430615,116.3498985801217
566520.6195832335,4190643.106570458,116.34482758620689
566520.5309237253,4190643.0529427784,116.33975659229209
566520.4420927777,4190643.0204774886,116.33468559837728
566520.3533818361,4190642.9731985256,116.32961460446248
566520.2646366057,4190642.930152044,116.32454361054766
566520.1759942372,4190642.874408129,116.31947261663286
566520.0872147175,4190642.835594126,116.31440162271805
566519.9985894904,4190642.777733975,116.30933062880325
566519.9098271126,4190642.736803735,116.30425963488844
566519.8210647338,4190642.695873495,116.29918864097363
566519.7324737884,4190642.63378087,116.29411764705883
566519.6436771204,4190642.5970831113,116.28904665314401
566519.5549490261,4190642.551920397,116.28397565922921
566519.4662895051,4190642.4982927293,116.2789046653144
566519.3774414039,4190642.467943688,116.2738336713996
566519.2888333114,4190642.4079673076,116.26876267748479
566519.2001052132,4190642.3628045972,116.26369168356999
566519.1113256835,4190642.3239906053,116.25862068965517
566519.0225975835,4190642.2788278973,116.25354969574036
566518.9339037691,4190642.229432712,116.24847870182556
566518.8451585236,4190642.1863862467,116.24340770791075
566518.756447564,4190642.1391073023,116.23833671399595
566518.6676680299,4190642.1002933146,116.23326572008114
566518.5789056383,4190642.0593630876,116.22819472616632
566518.490263249,4190642.0036191917,116.22312373225152
566518.4014837123,4190641.9648052077,116.21805273833671
566518.3128241753,4190641.9111775532,116.21298174442191
566518.2240274935,4190641.87447981,116.2079107505071
566518.1352822405,4190641.8314333498,116.2028397565923
566518.0465541298,4190641.7862706534,116.19776876267748
566517.9578945909,4190641.7326430017,116.19269776876268
566517.8690979056,4190641.6959452615,116.18762677484787
566517.780369792,4190641.6507825674,116.18255578093306
566517.691555962,4190641.616201067,116.17748478701826
566517.6028621328,4190641.5668058973,116.17241379310344
566517.5142197317,4190641.511062013,116.16734279918865
566517.425457326,4190641.4701318,116.16227180527383
566517.3366434925,4190641.435550304,116.15720081135902
566517.2479496592,4190641.386155139,116.15212981744422
566517.1591358242,4190641.3515736447,116.1470588235294
566517.070441989,4190641.302178481,116.1419878296146
566516.981696724,4190641.259132034,116.1369168356998
566516.8928657436,4190641.2266667825,116.131845841785
566516.8042233342,4190641.170922905,116.12677484787018
566516.7154266378,4190641.134225177,116.12170385395538
566516.6266642263,4190641.0932949735,116.11663286004057
566516.5379360974,4190641.0481322925,116.11156186612575
566516.4490879702,4190641.017783284,116.10649087221095
566516.3604284128,4190640.964155651,116.10141987829614
566516.2717002833,4190640.918992974,116.09634888438134
566516.1829721527,4190640.873830297,116.09127789046653
566516.0941583079,4190640.8392488137,116.08620689655173
566516.0054473182,4190640.791969901,116.08113590263692
566515.9166334716,4190640.7573884204,116.07606490872212
566515.8279396228,4190640.707993271,116.0709939148073
566515.7391600598,4190640.6691793143,116.06592292089249
566515.6504147812,4190640.626132883,116.06085192697769
566515.5615323612,4190640.6000163616,116.05578093306288
566515.472821366,4190640.552737454,116.05070993914808
566515.3841446548,4190640.5012260685,116.04563894523326
566515.2953308027,4190640.466644596,116.04056795131845
566515.2064826626,4190640.4362956015,116.03549695740365
566515.1177716637,4190640.3890166976,116.03042596348884
566515.0290263789,4190640.3459702726,116.02535496957404
566514.9402982355,4190640.3008076088,116.02028397565923
566514.8514672371,4190640.2683423795,116.01521298174443
566514.7626362379,4190640.23587715,116.01014198782961
566514.6738395226,4190640.199179446,116.00507099391481
566514.585059949,4190640.160365503,116.0
